ArrayId,StringId
CESTAS-PV-01,STR-CESTAS-PV-01
CESTAS-PV-02,STR-CESTAS-PV-02
CESTAS-PV-03,STR-CESTAS-PV-03
CESTAS-PV-04,STR-CESTAS-PV-04
CESTAS-PV-05,STR-CESTAS-PV-05
CESTAS-PV-06,STR-CESTAS-PV-06
CESTAS-PV-07,STR-CESTAS-PV-07
CESTAS-PV-08,STR-CESTAS-PV-08
MARVILLE-PV-01,STR-MARVILLE-PV-01
MARVILLE-PV-02,STR-MARVILLE-PV-02
MARVILLE-PV-03,STR-MARVILLE-PV-03
MARVILLE-PV-04,STR-MARVILLE-PV-04
MARVILLE-PV-05,STR-MARVILLE-PV-05
MARVILLE-PV-06,STR-MARVILLE-PV-06
MARVILLE-PV-07,STR-MARVILLE-PV-07
TOUL-PV-01,STR-TOUL-PV-01
TOUL-PV-02,STR-TOUL-PV-02
TOUL-PV-03,STR-TOUL-PV-03
TOUL-PV-04,STR-TOUL-PV-04
TOUL-PV-05,STR-TOUL-PV-05
TOUL-PV-06,STR-TOUL-PV-06
MEES-PV-01,STR-MEES-PV-01
MEES-PV-02,STR-MEES-PV-02
MEES-PV-03,STR-MEES-PV-03
MEES-PV-04,STR-MEES-PV-04
MEES-PV-05,STR-MEES-PV-05
MEES-PV-06,STR-MEES-PV-06
GABARDAN-PV-01,STR-GABARDAN-PV-01
GABARDAN-PV-02,STR-GABARDAN-PV-02
GABARDAN-PV-03,STR-GABARDAN-PV-03
GABARDAN-PV-04,STR-GABARDAN-PV-04
GABARDAN-PV-05,STR-GABARDAN-PV-05
MASSANGIS-PV-01,STR-MASSANGIS-PV-01
MASSANGIS-PV-02,STR-MASSANGIS-PV-02
MASSANGIS-PV-03,STR-MASSANGIS-PV-03
MASSANGIS-PV-04,STR-MASSANGIS-PV-04
MASSANGIS-PV-05,STR-MASSANGIS-PV-05
