ArrayId,TrackerId
CESTAS-PV-01,TRK-CESTAS-PV-01
CESTAS-PV-02,TRK-CESTAS-PV-02
CESTAS-PV-03,TRK-CESTAS-PV-03
CESTAS-PV-04,TRK-CESTAS-PV-04
CESTAS-PV-05,TRK-CESTAS-PV-05
CESTAS-PV-06,TRK-CESTAS-PV-06
CESTAS-PV-07,TRK-CESTAS-PV-07
CESTAS-PV-08,TRK-CESTAS-PV-08
MARVILLE-PV-01,TRK-MARVILLE-PV-01
MARVILLE-PV-02,TRK-MARVILLE-PV-02
MARVILLE-PV-03,TRK-MARVILLE-PV-03
MARVILLE-PV-04,TRK-MARVILLE-PV-04
MARVILLE-PV-05,TRK-MARVILLE-PV-05
MARVILLE-PV-06,TRK-MARVILLE-PV-06
MARVILLE-PV-07,TRK-MARVILLE-PV-07
TOUL-PV-01,TRK-TOUL-PV-01
TOUL-PV-02,TRK-TOUL-PV-02
TOUL-PV-03,TRK-TOUL-PV-03
TOUL-PV-04,TRK-TOUL-PV-04
TOUL-PV-05,TRK-TOUL-PV-05
TOUL-PV-06,TRK-TOUL-PV-06
MEES-PV-01,TRK-MEES-PV-01
MEES-PV-02,TRK-MEES-PV-02
MEES-PV-03,TRK-MEES-PV-03
MEES-PV-04,TRK-MEES-PV-04
MEES-PV-05,TRK-MEES-PV-05
MEES-PV-06,TRK-MEES-PV-06
GABARDAN-PV-01,TRK-GABARDAN-PV-01
GABARDAN-PV-02,TRK-GABARDAN-PV-02
GABARDAN-PV-03,TRK-GABARDAN-PV-03
GABARDAN-PV-04,TRK-GABARDAN-PV-04
GABARDAN-PV-05,TRK-GABARDAN-PV-05
MASSANGIS-PV-01,TRK-MASSANGIS-PV-01
MASSANGIS-PV-02,TRK-MASSANGIS-PV-02
MASSANGIS-PV-03,TRK-MASSANGIS-PV-03
MASSANGIS-PV-04,TRK-MASSANGIS-PV-04
MASSANGIS-PV-05,TRK-MASSANGIS-PV-05
