"CalendarDateId","CalendarDate","FiscalPeriodId","DayOfWeek","IsWorkingDay"
"D20250101","2025-01-01","FY2025-P01","Wednesday","True"
"D20250102","2025-01-02","FY2025-P01","Thursday","True"
"D20250103","2025-01-03","FY2025-P01","Friday","True"
"D20250104","2025-01-04","FY2025-P01","Saturday","False"
"D20250105","2025-01-05","FY2025-P01","Sunday","False"
"D20250106","2025-01-06","FY2025-P01","Monday","True"
"D20250107","2025-01-07","FY2025-P01","Tuesday","True"
"D20250108","2025-01-08","FY2025-P01","Wednesday","True"
"D20250109","2025-01-09","FY2025-P01","Thursday","True"
"D20250110","2025-01-10","FY2025-P01","Friday","True"
"D20250111","2025-01-11","FY2025-P01","Saturday","False"
"D20250112","2025-01-12","FY2025-P01","Sunday","False"
"D20250113","2025-01-13","FY2025-P01","Monday","True"
"D20250114","2025-01-14","FY2025-P01","Tuesday","True"
"D20250115","2025-01-15","FY2025-P01","Wednesday","True"
"D20250116","2025-01-16","FY2025-P01","Thursday","True"
"D20250117","2025-01-17","FY2025-P01","Friday","True"
"D20250118","2025-01-18","FY2025-P01","Saturday","False"
"D20250119","2025-01-19","FY2025-P01","Sunday","False"
"D20250120","2025-01-20","FY2025-P01","Monday","True"
"D20250121","2025-01-21","FY2025-P01","Tuesday","True"
"D20250122","2025-01-22","FY2025-P01","Wednesday","True"
"D20250123","2025-01-23","FY2025-P01","Thursday","True"
"D20250124","2025-01-24","FY2025-P01","Friday","True"
"D20250125","2025-01-25","FY2025-P01","Saturday","False"
"D20250126","2025-01-26","FY2025-P01","Sunday","False"
"D20250127","2025-01-27","FY2025-P01","Monday","True"
"D20250128","2025-01-28","FY2025-P01","Tuesday","True"
"D20250129","2025-01-29","FY2025-P01","Wednesday","True"
"D20250130","2025-01-30","FY2025-P01","Thursday","True"
"D20250131","2025-01-31","FY2025-P01","Friday","True"
"D20250201","2025-02-01","FY2025-P02","Saturday","False"
"D20250202","2025-02-02","FY2025-P02","Sunday","False"
"D20250203","2025-02-03","FY2025-P02","Monday","True"
"D20250204","2025-02-04","FY2025-P02","Tuesday","True"
"D20250205","2025-02-05","FY2025-P02","Wednesday","True"
"D20250206","2025-02-06","FY2025-P02","Thursday","True"
"D20250207","2025-02-07","FY2025-P02","Friday","True"
"D20250208","2025-02-08","FY2025-P02","Saturday","False"
"D20250209","2025-02-09","FY2025-P02","Sunday","False"
"D20250210","2025-02-10","FY2025-P02","Monday","True"
"D20250211","2025-02-11","FY2025-P02","Tuesday","True"
"D20250212","2025-02-12","FY2025-P02","Wednesday","True"
"D20250213","2025-02-13","FY2025-P02","Thursday","True"
"D20250214","2025-02-14","FY2025-P02","Friday","True"
"D20250215","2025-02-15","FY2025-P02","Saturday","False"
"D20250216","2025-02-16","FY2025-P02","Sunday","False"
"D20250217","2025-02-17","FY2025-P02","Monday","True"
"D20250218","2025-02-18","FY2025-P02","Tuesday","True"
"D20250219","2025-02-19","FY2025-P02","Wednesday","True"
"D20250220","2025-02-20","FY2025-P02","Thursday","True"
"D20250221","2025-02-21","FY2025-P02","Friday","True"
"D20250222","2025-02-22","FY2025-P02","Saturday","False"
"D20250223","2025-02-23","FY2025-P02","Sunday","False"
"D20250224","2025-02-24","FY2025-P02","Monday","True"
"D20250225","2025-02-25","FY2025-P02","Tuesday","True"
"D20250226","2025-02-26","FY2025-P02","Wednesday","True"
"D20250227","2025-02-27","FY2025-P02","Thursday","True"
"D20250228","2025-02-28","FY2025-P02","Friday","True"
"D20250301","2025-03-01","FY2025-P03","Saturday","False"
"D20250302","2025-03-02","FY2025-P03","Sunday","False"
"D20250303","2025-03-03","FY2025-P03","Monday","True"
"D20250304","2025-03-04","FY2025-P03","Tuesday","True"
"D20250305","2025-03-05","FY2025-P03","Wednesday","True"
"D20250306","2025-03-06","FY2025-P03","Thursday","True"
"D20250307","2025-03-07","FY2025-P03","Friday","True"
"D20250308","2025-03-08","FY2025-P03","Saturday","False"
"D20250309","2025-03-09","FY2025-P03","Sunday","False"
"D20250310","2025-03-10","FY2025-P03","Monday","True"
"D20250311","2025-03-11","FY2025-P03","Tuesday","True"
"D20250312","2025-03-12","FY2025-P03","Wednesday","True"
"D20250313","2025-03-13","FY2025-P03","Thursday","True"
"D20250314","2025-03-14","FY2025-P03","Friday","True"
"D20250315","2025-03-15","FY2025-P03","Saturday","False"
"D20250316","2025-03-16","FY2025-P03","Sunday","False"
"D20250317","2025-03-17","FY2025-P03","Monday","True"
"D20250318","2025-03-18","FY2025-P03","Tuesday","True"
"D20250319","2025-03-19","FY2025-P03","Wednesday","True"
"D20250320","2025-03-20","FY2025-P03","Thursday","True"
"D20250321","2025-03-21","FY2025-P03","Friday","True"
"D20250322","2025-03-22","FY2025-P03","Saturday","False"
"D20250323","2025-03-23","FY2025-P03","Sunday","False"
"D20250324","2025-03-24","FY2025-P03","Monday","True"
"D20250325","2025-03-25","FY2025-P03","Tuesday","True"
"D20250326","2025-03-26","FY2025-P03","Wednesday","True"
"D20250327","2025-03-27","FY2025-P03","Thursday","True"
"D20250328","2025-03-28","FY2025-P03","Friday","True"
"D20250329","2025-03-29","FY2025-P03","Saturday","False"
"D20250330","2025-03-30","FY2025-P03","Sunday","False"
"D20250331","2025-03-31","FY2025-P03","Monday","True"
"D20250401","2025-04-01","FY2025-P04","Tuesday","True"
"D20250402","2025-04-02","FY2025-P04","Wednesday","True"
"D20250403","2025-04-03","FY2025-P04","Thursday","True"
"D20250404","2025-04-04","FY2025-P04","Friday","True"
"D20250405","2025-04-05","FY2025-P04","Saturday","False"
"D20250406","2025-04-06","FY2025-P04","Sunday","False"
"D20250407","2025-04-07","FY2025-P04","Monday","True"
"D20250408","2025-04-08","FY2025-P04","Tuesday","True"
"D20250409","2025-04-09","FY2025-P04","Wednesday","True"
"D20250410","2025-04-10","FY2025-P04","Thursday","True"
"D20250411","2025-04-11","FY2025-P04","Friday","True"
"D20250412","2025-04-12","FY2025-P04","Saturday","False"
"D20250413","2025-04-13","FY2025-P04","Sunday","False"
"D20250414","2025-04-14","FY2025-P04","Monday","True"
"D20250415","2025-04-15","FY2025-P04","Tuesday","True"
"D20250416","2025-04-16","FY2025-P04","Wednesday","True"
"D20250417","2025-04-17","FY2025-P04","Thursday","True"
"D20250418","2025-04-18","FY2025-P04","Friday","True"
"D20250419","2025-04-19","FY2025-P04","Saturday","False"
"D20250420","2025-04-20","FY2025-P04","Sunday","False"
"D20250421","2025-04-21","FY2025-P04","Monday","True"
"D20250422","2025-04-22","FY2025-P04","Tuesday","True"
"D20250423","2025-04-23","FY2025-P04","Wednesday","True"
"D20250424","2025-04-24","FY2025-P04","Thursday","True"
"D20250425","2025-04-25","FY2025-P04","Friday","True"
"D20250426","2025-04-26","FY2025-P04","Saturday","False"
"D20250427","2025-04-27","FY2025-P04","Sunday","False"
"D20250428","2025-04-28","FY2025-P04","Monday","True"
"D20250429","2025-04-29","FY2025-P04","Tuesday","True"
"D20250430","2025-04-30","FY2025-P04","Wednesday","True"
"D20250501","2025-05-01","FY2025-P05","Thursday","True"
"D20250502","2025-05-02","FY2025-P05","Friday","True"
"D20250503","2025-05-03","FY2025-P05","Saturday","False"
"D20250504","2025-05-04","FY2025-P05","Sunday","False"
"D20250505","2025-05-05","FY2025-P05","Monday","True"
"D20250506","2025-05-06","FY2025-P05","Tuesday","True"
"D20250507","2025-05-07","FY2025-P05","Wednesday","True"
"D20250508","2025-05-08","FY2025-P05","Thursday","True"
"D20250509","2025-05-09","FY2025-P05","Friday","True"
"D20250510","2025-05-10","FY2025-P05","Saturday","False"
"D20250511","2025-05-11","FY2025-P05","Sunday","False"
"D20250512","2025-05-12","FY2025-P05","Monday","True"
"D20250513","2025-05-13","FY2025-P05","Tuesday","True"
"D20250514","2025-05-14","FY2025-P05","Wednesday","True"
"D20250515","2025-05-15","FY2025-P05","Thursday","True"
"D20250516","2025-05-16","FY2025-P05","Friday","True"
"D20250517","2025-05-17","FY2025-P05","Saturday","False"
"D20250518","2025-05-18","FY2025-P05","Sunday","False"
"D20250519","2025-05-19","FY2025-P05","Monday","True"
"D20250520","2025-05-20","FY2025-P05","Tuesday","True"
"D20250521","2025-05-21","FY2025-P05","Wednesday","True"
"D20250522","2025-05-22","FY2025-P05","Thursday","True"
"D20250523","2025-05-23","FY2025-P05","Friday","True"
"D20250524","2025-05-24","FY2025-P05","Saturday","False"
"D20250525","2025-05-25","FY2025-P05","Sunday","False"
"D20250526","2025-05-26","FY2025-P05","Monday","True"
"D20250527","2025-05-27","FY2025-P05","Tuesday","True"
"D20250528","2025-05-28","FY2025-P05","Wednesday","True"
"D20250529","2025-05-29","FY2025-P05","Thursday","True"
"D20250530","2025-05-30","FY2025-P05","Friday","True"
"D20250531","2025-05-31","FY2025-P05","Saturday","False"
"D20250601","2025-06-01","FY2025-P06","Sunday","False"
"D20250602","2025-06-02","FY2025-P06","Monday","True"
"D20250603","2025-06-03","FY2025-P06","Tuesday","True"
"D20250604","2025-06-04","FY2025-P06","Wednesday","True"
"D20250605","2025-06-05","FY2025-P06","Thursday","True"
"D20250606","2025-06-06","FY2025-P06","Friday","True"
"D20250607","2025-06-07","FY2025-P06","Saturday","False"
"D20250608","2025-06-08","FY2025-P06","Sunday","False"
"D20250609","2025-06-09","FY2025-P06","Monday","True"
"D20250610","2025-06-10","FY2025-P06","Tuesday","True"
"D20250611","2025-06-11","FY2025-P06","Wednesday","True"
"D20250612","2025-06-12","FY2025-P06","Thursday","True"
"D20250613","2025-06-13","FY2025-P06","Friday","True"
"D20250614","2025-06-14","FY2025-P06","Saturday","False"
"D20250615","2025-06-15","FY2025-P06","Sunday","False"
"D20250616","2025-06-16","FY2025-P06","Monday","True"
"D20250617","2025-06-17","FY2025-P06","Tuesday","True"
"D20250618","2025-06-18","FY2025-P06","Wednesday","True"
"D20250619","2025-06-19","FY2025-P06","Thursday","True"
"D20250620","2025-06-20","FY2025-P06","Friday","True"
"D20250621","2025-06-21","FY2025-P06","Saturday","False"
"D20250622","2025-06-22","FY2025-P06","Sunday","False"
"D20250623","2025-06-23","FY2025-P06","Monday","True"
"D20250624","2025-06-24","FY2025-P06","Tuesday","True"
"D20250625","2025-06-25","FY2025-P06","Wednesday","True"
"D20250626","2025-06-26","FY2025-P06","Thursday","True"
"D20250627","2025-06-27","FY2025-P06","Friday","True"
"D20250628","2025-06-28","FY2025-P06","Saturday","False"
"D20250629","2025-06-29","FY2025-P06","Sunday","False"
"D20250630","2025-06-30","FY2025-P06","Monday","True"
"D20250701","2025-07-01","FY2025-P07","Tuesday","True"
"D20250702","2025-07-02","FY2025-P07","Wednesday","True"
"D20250703","2025-07-03","FY2025-P07","Thursday","True"
"D20250704","2025-07-04","FY2025-P07","Friday","True"
"D20250705","2025-07-05","FY2025-P07","Saturday","False"
"D20250706","2025-07-06","FY2025-P07","Sunday","False"
"D20250707","2025-07-07","FY2025-P07","Monday","True"
"D20250708","2025-07-08","FY2025-P07","Tuesday","True"
"D20250709","2025-07-09","FY2025-P07","Wednesday","True"
"D20250710","2025-07-10","FY2025-P07","Thursday","True"
"D20250711","2025-07-11","FY2025-P07","Friday","True"
"D20250712","2025-07-12","FY2025-P07","Saturday","False"
"D20250713","2025-07-13","FY2025-P07","Sunday","False"
"D20250714","2025-07-14","FY2025-P07","Monday","True"
"D20250715","2025-07-15","FY2025-P07","Tuesday","True"
"D20250716","2025-07-16","FY2025-P07","Wednesday","True"
"D20250717","2025-07-17","FY2025-P07","Thursday","True"
"D20250718","2025-07-18","FY2025-P07","Friday","True"
"D20250719","2025-07-19","FY2025-P07","Saturday","False"
"D20250720","2025-07-20","FY2025-P07","Sunday","False"
"D20250721","2025-07-21","FY2025-P07","Monday","True"
"D20250722","2025-07-22","FY2025-P07","Tuesday","True"
"D20250723","2025-07-23","FY2025-P07","Wednesday","True"
"D20250724","2025-07-24","FY2025-P07","Thursday","True"
"D20250725","2025-07-25","FY2025-P07","Friday","True"
"D20250726","2025-07-26","FY2025-P07","Saturday","False"
"D20250727","2025-07-27","FY2025-P07","Sunday","False"
"D20250728","2025-07-28","FY2025-P07","Monday","True"
"D20250729","2025-07-29","FY2025-P07","Tuesday","True"
"D20250730","2025-07-30","FY2025-P07","Wednesday","True"
"D20250731","2025-07-31","FY2025-P07","Thursday","True"
"D20250801","2025-08-01","FY2025-P08","Friday","True"
"D20250802","2025-08-02","FY2025-P08","Saturday","False"
"D20250803","2025-08-03","FY2025-P08","Sunday","False"
"D20250804","2025-08-04","FY2025-P08","Monday","True"
"D20250805","2025-08-05","FY2025-P08","Tuesday","True"
"D20250806","2025-08-06","FY2025-P08","Wednesday","True"
"D20250807","2025-08-07","FY2025-P08","Thursday","True"
"D20250808","2025-08-08","FY2025-P08","Friday","True"
"D20250809","2025-08-09","FY2025-P08","Saturday","False"
"D20250810","2025-08-10","FY2025-P08","Sunday","False"
"D20250811","2025-08-11","FY2025-P08","Monday","True"
"D20250812","2025-08-12","FY2025-P08","Tuesday","True"
"D20250813","2025-08-13","FY2025-P08","Wednesday","True"
"D20250814","2025-08-14","FY2025-P08","Thursday","True"
"D20250815","2025-08-15","FY2025-P08","Friday","True"
"D20250816","2025-08-16","FY2025-P08","Saturday","False"
"D20250817","2025-08-17","FY2025-P08","Sunday","False"
"D20250818","2025-08-18","FY2025-P08","Monday","True"
"D20250819","2025-08-19","FY2025-P08","Tuesday","True"
"D20250820","2025-08-20","FY2025-P08","Wednesday","True"
"D20250821","2025-08-21","FY2025-P08","Thursday","True"
"D20250822","2025-08-22","FY2025-P08","Friday","True"
"D20250823","2025-08-23","FY2025-P08","Saturday","False"
"D20250824","2025-08-24","FY2025-P08","Sunday","False"
"D20250825","2025-08-25","FY2025-P08","Monday","True"
"D20250826","2025-08-26","FY2025-P08","Tuesday","True"
"D20250827","2025-08-27","FY2025-P08","Wednesday","True"
"D20250828","2025-08-28","FY2025-P08","Thursday","True"
"D20250829","2025-08-29","FY2025-P08","Friday","True"
"D20250830","2025-08-30","FY2025-P08","Saturday","False"
"D20250831","2025-08-31","FY2025-P08","Sunday","False"
"D20250901","2025-09-01","FY2025-P09","Monday","True"
"D20250902","2025-09-02","FY2025-P09","Tuesday","True"
"D20250903","2025-09-03","FY2025-P09","Wednesday","True"
"D20250904","2025-09-04","FY2025-P09","Thursday","True"
"D20250905","2025-09-05","FY2025-P09","Friday","True"
"D20250906","2025-09-06","FY2025-P09","Saturday","False"
"D20250907","2025-09-07","FY2025-P09","Sunday","False"
"D20250908","2025-09-08","FY2025-P09","Monday","True"
"D20250909","2025-09-09","FY2025-P09","Tuesday","True"
"D20250910","2025-09-10","FY2025-P09","Wednesday","True"
"D20250911","2025-09-11","FY2025-P09","Thursday","True"
"D20250912","2025-09-12","FY2025-P09","Friday","True"
"D20250913","2025-09-13","FY2025-P09","Saturday","False"
"D20250914","2025-09-14","FY2025-P09","Sunday","False"
"D20250915","2025-09-15","FY2025-P09","Monday","True"
"D20250916","2025-09-16","FY2025-P09","Tuesday","True"
"D20250917","2025-09-17","FY2025-P09","Wednesday","True"
"D20250918","2025-09-18","FY2025-P09","Thursday","True"
"D20250919","2025-09-19","FY2025-P09","Friday","True"
"D20250920","2025-09-20","FY2025-P09","Saturday","False"
"D20250921","2025-09-21","FY2025-P09","Sunday","False"
"D20250922","2025-09-22","FY2025-P09","Monday","True"
"D20250923","2025-09-23","FY2025-P09","Tuesday","True"
"D20250924","2025-09-24","FY2025-P09","Wednesday","True"
"D20250925","2025-09-25","FY2025-P09","Thursday","True"
"D20250926","2025-09-26","FY2025-P09","Friday","True"
"D20250927","2025-09-27","FY2025-P09","Saturday","False"
"D20250928","2025-09-28","FY2025-P09","Sunday","False"
"D20250929","2025-09-29","FY2025-P09","Monday","True"
"D20250930","2025-09-30","FY2025-P09","Tuesday","True"
"D20251001","2025-10-01","FY2025-P10","Wednesday","True"
"D20251002","2025-10-02","FY2025-P10","Thursday","True"
"D20251003","2025-10-03","FY2025-P10","Friday","True"
"D20251004","2025-10-04","FY2025-P10","Saturday","False"
"D20251005","2025-10-05","FY2025-P10","Sunday","False"
"D20251006","2025-10-06","FY2025-P10","Monday","True"
"D20251007","2025-10-07","FY2025-P10","Tuesday","True"
"D20251008","2025-10-08","FY2025-P10","Wednesday","True"
"D20251009","2025-10-09","FY2025-P10","Thursday","True"
"D20251010","2025-10-10","FY2025-P10","Friday","True"
"D20251011","2025-10-11","FY2025-P10","Saturday","False"
"D20251012","2025-10-12","FY2025-P10","Sunday","False"
"D20251013","2025-10-13","FY2025-P10","Monday","True"
"D20251014","2025-10-14","FY2025-P10","Tuesday","True"
"D20251015","2025-10-15","FY2025-P10","Wednesday","True"
"D20251016","2025-10-16","FY2025-P10","Thursday","True"
"D20251017","2025-10-17","FY2025-P10","Friday","True"
"D20251018","2025-10-18","FY2025-P10","Saturday","False"
"D20251019","2025-10-19","FY2025-P10","Sunday","False"
"D20251020","2025-10-20","FY2025-P10","Monday","True"
"D20251021","2025-10-21","FY2025-P10","Tuesday","True"
"D20251022","2025-10-22","FY2025-P10","Wednesday","True"
"D20251023","2025-10-23","FY2025-P10","Thursday","True"
"D20251024","2025-10-24","FY2025-P10","Friday","True"
"D20251025","2025-10-25","FY2025-P10","Saturday","False"
"D20251026","2025-10-26","FY2025-P10","Sunday","False"
"D20251027","2025-10-27","FY2025-P10","Monday","True"
"D20251028","2025-10-28","FY2025-P10","Tuesday","True"
"D20251029","2025-10-29","FY2025-P10","Wednesday","True"
"D20251030","2025-10-30","FY2025-P10","Thursday","True"
"D20251031","2025-10-31","FY2025-P10","Friday","True"
"D20251101","2025-11-01","FY2025-P11","Saturday","False"
"D20251102","2025-11-02","FY2025-P11","Sunday","False"
"D20251103","2025-11-03","FY2025-P11","Monday","True"
"D20251104","2025-11-04","FY2025-P11","Tuesday","True"
"D20251105","2025-11-05","FY2025-P11","Wednesday","True"
"D20251106","2025-11-06","FY2025-P11","Thursday","True"
"D20251107","2025-11-07","FY2025-P11","Friday","True"
"D20251108","2025-11-08","FY2025-P11","Saturday","False"
"D20251109","2025-11-09","FY2025-P11","Sunday","False"
"D20251110","2025-11-10","FY2025-P11","Monday","True"
"D20251111","2025-11-11","FY2025-P11","Tuesday","True"
"D20251112","2025-11-12","FY2025-P11","Wednesday","True"
"D20251113","2025-11-13","FY2025-P11","Thursday","True"
"D20251114","2025-11-14","FY2025-P11","Friday","True"
"D20251115","2025-11-15","FY2025-P11","Saturday","False"
"D20251116","2025-11-16","FY2025-P11","Sunday","False"
"D20251117","2025-11-17","FY2025-P11","Monday","True"
"D20251118","2025-11-18","FY2025-P11","Tuesday","True"
"D20251119","2025-11-19","FY2025-P11","Wednesday","True"
"D20251120","2025-11-20","FY2025-P11","Thursday","True"
"D20251121","2025-11-21","FY2025-P11","Friday","True"
"D20251122","2025-11-22","FY2025-P11","Saturday","False"
"D20251123","2025-11-23","FY2025-P11","Sunday","False"
"D20251124","2025-11-24","FY2025-P11","Monday","True"
"D20251125","2025-11-25","FY2025-P11","Tuesday","True"
"D20251126","2025-11-26","FY2025-P11","Wednesday","True"
"D20251127","2025-11-27","FY2025-P11","Thursday","True"
"D20251128","2025-11-28","FY2025-P11","Friday","True"
"D20251129","2025-11-29","FY2025-P11","Saturday","False"
"D20251130","2025-11-30","FY2025-P11","Sunday","False"
"D20251201","2025-12-01","FY2025-P12","Monday","True"
"D20251202","2025-12-02","FY2025-P12","Tuesday","True"
"D20251203","2025-12-03","FY2025-P12","Wednesday","True"
"D20251204","2025-12-04","FY2025-P12","Thursday","True"
"D20251205","2025-12-05","FY2025-P12","Friday","True"
"D20251206","2025-12-06","FY2025-P12","Saturday","False"
"D20251207","2025-12-07","FY2025-P12","Sunday","False"
"D20251208","2025-12-08","FY2025-P12","Monday","True"
"D20251209","2025-12-09","FY2025-P12","Tuesday","True"
"D20251210","2025-12-10","FY2025-P12","Wednesday","True"
"D20251211","2025-12-11","FY2025-P12","Thursday","True"
"D20251212","2025-12-12","FY2025-P12","Friday","True"
"D20251213","2025-12-13","FY2025-P12","Saturday","False"
"D20251214","2025-12-14","FY2025-P12","Sunday","False"
"D20251215","2025-12-15","FY2025-P12","Monday","True"
"D20251216","2025-12-16","FY2025-P12","Tuesday","True"
"D20251217","2025-12-17","FY2025-P12","Wednesday","True"
"D20251218","2025-12-18","FY2025-P12","Thursday","True"
"D20251219","2025-12-19","FY2025-P12","Friday","True"
"D20251220","2025-12-20","FY2025-P12","Saturday","False"
"D20251221","2025-12-21","FY2025-P12","Sunday","False"
"D20251222","2025-12-22","FY2025-P12","Monday","True"
"D20251223","2025-12-23","FY2025-P12","Tuesday","True"
"D20251224","2025-12-24","FY2025-P12","Wednesday","True"
"D20251225","2025-12-25","FY2025-P12","Thursday","True"
"D20251226","2025-12-26","FY2025-P12","Friday","True"
"D20251227","2025-12-27","FY2025-P12","Saturday","False"
"D20251228","2025-12-28","FY2025-P12","Sunday","False"
"D20251229","2025-12-29","FY2025-P12","Monday","True"
"D20251230","2025-12-30","FY2025-P12","Tuesday","True"
"D20251231","2025-12-31","FY2025-P12","Wednesday","True"
