ForecastId,FiscalPeriodId,CostCenterId,ScenarioName,ForecastAmount
FC01011,FY2025-P01,CC01,Synthetic Base,15150.0
FC01012,FY2025-P01,CC01,Synthetic Stretch,16665.0
FC01021,FY2025-P01,CC02,Synthetic Base,15180.0
FC01022,FY2025-P01,CC02,Synthetic Stretch,16698.0
FC01031,FY2025-P01,CC03,Synthetic Base,15210.0
FC01032,FY2025-P01,CC03,Synthetic Stretch,16731.0
FC01041,FY2025-P01,CC04,Synthetic Base,15240.0
FC01042,FY2025-P01,CC04,Synthetic Stretch,16764.0
FC01051,FY2025-P01,CC05,Synthetic Base,15270.0
FC01052,FY2025-P01,CC05,Synthetic Stretch,16797.0
FC01061,FY2025-P01,CC06,Synthetic Base,15300.0
FC01062,FY2025-P01,CC06,Synthetic Stretch,16830.0
FC01071,FY2025-P01,CC07,Synthetic Base,15330.0
FC01072,FY2025-P01,CC07,Synthetic Stretch,16863.0
FC01081,FY2025-P01,CC08,Synthetic Base,15360.0
FC01082,FY2025-P01,CC08,Synthetic Stretch,16896.0
FC01091,FY2025-P01,CC09,Synthetic Base,15390.0
FC01092,FY2025-P01,CC09,Synthetic Stretch,16929.0
FC01101,FY2025-P01,CC10,Synthetic Base,15420.0
FC01102,FY2025-P01,CC10,Synthetic Stretch,16962.0
FC01111,FY2025-P01,CC11,Synthetic Base,15450.0
FC01112,FY2025-P01,CC11,Synthetic Stretch,16995.0
FC01121,FY2025-P01,CC12,Synthetic Base,15480.0
FC01122,FY2025-P01,CC12,Synthetic Stretch,17028.0
FC01131,FY2025-P01,CC13,Synthetic Base,15510.0
FC01132,FY2025-P01,CC13,Synthetic Stretch,17061.0
FC01141,FY2025-P01,CC14,Synthetic Base,15540.0
FC01142,FY2025-P01,CC14,Synthetic Stretch,17094.0
FC01151,FY2025-P01,CC15,Synthetic Base,15570.0
FC01152,FY2025-P01,CC15,Synthetic Stretch,17127.0
FC01161,FY2025-P01,CC16,Synthetic Base,15600.0
FC01162,FY2025-P01,CC16,Synthetic Stretch,17160.0
FC01171,FY2025-P01,CC17,Synthetic Base,15630.0
FC01172,FY2025-P01,CC17,Synthetic Stretch,17193.0
FC01181,FY2025-P01,CC18,Synthetic Base,15660.0
FC01182,FY2025-P01,CC18,Synthetic Stretch,17226.0
FC02011,FY2025-P02,CC01,Synthetic Base,15270.0
FC02012,FY2025-P02,CC01,Synthetic Stretch,16797.0
FC02021,FY2025-P02,CC02,Synthetic Base,15300.0
FC02022,FY2025-P02,CC02,Synthetic Stretch,16830.0
FC02031,FY2025-P02,CC03,Synthetic Base,15330.0
FC02032,FY2025-P02,CC03,Synthetic Stretch,16863.0
FC02041,FY2025-P02,CC04,Synthetic Base,15360.0
FC02042,FY2025-P02,CC04,Synthetic Stretch,16896.0
FC02051,FY2025-P02,CC05,Synthetic Base,15390.0
FC02052,FY2025-P02,CC05,Synthetic Stretch,16929.0
FC02061,FY2025-P02,CC06,Synthetic Base,15420.0
FC02062,FY2025-P02,CC06,Synthetic Stretch,16962.0
FC02071,FY2025-P02,CC07,Synthetic Base,15450.0
FC02072,FY2025-P02,CC07,Synthetic Stretch,16995.0
FC02081,FY2025-P02,CC08,Synthetic Base,15480.0
FC02082,FY2025-P02,CC08,Synthetic Stretch,17028.0
FC02091,FY2025-P02,CC09,Synthetic Base,15510.0
FC02092,FY2025-P02,CC09,Synthetic Stretch,17061.0
FC02101,FY2025-P02,CC10,Synthetic Base,15540.0
FC02102,FY2025-P02,CC10,Synthetic Stretch,17094.0
FC02111,FY2025-P02,CC11,Synthetic Base,15570.0
FC02112,FY2025-P02,CC11,Synthetic Stretch,17127.0
FC02121,FY2025-P02,CC12,Synthetic Base,15600.0
FC02122,FY2025-P02,CC12,Synthetic Stretch,17160.0
FC02131,FY2025-P02,CC13,Synthetic Base,15630.0
FC02132,FY2025-P02,CC13,Synthetic Stretch,17193.0
FC02141,FY2025-P02,CC14,Synthetic Base,15660.0
FC02142,FY2025-P02,CC14,Synthetic Stretch,17226.0
FC02151,FY2025-P02,CC15,Synthetic Base,15690.0
FC02152,FY2025-P02,CC15,Synthetic Stretch,17259.0
FC02161,FY2025-P02,CC16,Synthetic Base,15720.0
FC02162,FY2025-P02,CC16,Synthetic Stretch,17292.0
FC02171,FY2025-P02,CC17,Synthetic Base,15750.0
FC02172,FY2025-P02,CC17,Synthetic Stretch,17325.0
FC02181,FY2025-P02,CC18,Synthetic Base,15780.0
FC02182,FY2025-P02,CC18,Synthetic Stretch,17358.0
FC03011,FY2025-P03,CC01,Synthetic Base,15390.0
FC03012,FY2025-P03,CC01,Synthetic Stretch,16929.0
FC03021,FY2025-P03,CC02,Synthetic Base,15420.0
FC03022,FY2025-P03,CC02,Synthetic Stretch,16962.0
FC03031,FY2025-P03,CC03,Synthetic Base,15450.0
FC03032,FY2025-P03,CC03,Synthetic Stretch,16995.0
FC03041,FY2025-P03,CC04,Synthetic Base,15480.0
FC03042,FY2025-P03,CC04,Synthetic Stretch,17028.0
FC03051,FY2025-P03,CC05,Synthetic Base,15510.0
FC03052,FY2025-P03,CC05,Synthetic Stretch,17061.0
FC03061,FY2025-P03,CC06,Synthetic Base,15540.0
FC03062,FY2025-P03,CC06,Synthetic Stretch,17094.0
FC03071,FY2025-P03,CC07,Synthetic Base,15570.0
FC03072,FY2025-P03,CC07,Synthetic Stretch,17127.0
FC03081,FY2025-P03,CC08,Synthetic Base,15600.0
FC03082,FY2025-P03,CC08,Synthetic Stretch,17160.0
FC03091,FY2025-P03,CC09,Synthetic Base,15630.0
FC03092,FY2025-P03,CC09,Synthetic Stretch,17193.0
FC03101,FY2025-P03,CC10,Synthetic Base,15660.0
FC03102,FY2025-P03,CC10,Synthetic Stretch,17226.0
FC03111,FY2025-P03,CC11,Synthetic Base,15690.0
FC03112,FY2025-P03,CC11,Synthetic Stretch,17259.0
FC03121,FY2025-P03,CC12,Synthetic Base,15720.0
FC03122,FY2025-P03,CC12,Synthetic Stretch,17292.0
FC03131,FY2025-P03,CC13,Synthetic Base,15750.0
FC03132,FY2025-P03,CC13,Synthetic Stretch,17325.0
FC03141,FY2025-P03,CC14,Synthetic Base,15780.0
FC03142,FY2025-P03,CC14,Synthetic Stretch,17358.0
FC03151,FY2025-P03,CC15,Synthetic Base,15810.0
FC03152,FY2025-P03,CC15,Synthetic Stretch,17391.0
FC03161,FY2025-P03,CC16,Synthetic Base,15840.0
FC03162,FY2025-P03,CC16,Synthetic Stretch,17424.0
FC03171,FY2025-P03,CC17,Synthetic Base,15870.0
FC03172,FY2025-P03,CC17,Synthetic Stretch,17457.0
FC03181,FY2025-P03,CC18,Synthetic Base,15900.0
FC03182,FY2025-P03,CC18,Synthetic Stretch,17490.0
FC04011,FY2025-P04,CC01,Synthetic Base,15510.0
FC04012,FY2025-P04,CC01,Synthetic Stretch,17061.0
FC04021,FY2025-P04,CC02,Synthetic Base,15540.0
FC04022,FY2025-P04,CC02,Synthetic Stretch,17094.0
FC04031,FY2025-P04,CC03,Synthetic Base,15570.0
FC04032,FY2025-P04,CC03,Synthetic Stretch,17127.0
FC04041,FY2025-P04,CC04,Synthetic Base,15600.0
FC04042,FY2025-P04,CC04,Synthetic Stretch,17160.0
FC04051,FY2025-P04,CC05,Synthetic Base,15630.0
FC04052,FY2025-P04,CC05,Synthetic Stretch,17193.0
FC04061,FY2025-P04,CC06,Synthetic Base,15660.0
FC04062,FY2025-P04,CC06,Synthetic Stretch,17226.0
FC04071,FY2025-P04,CC07,Synthetic Base,15690.0
FC04072,FY2025-P04,CC07,Synthetic Stretch,17259.0
FC04081,FY2025-P04,CC08,Synthetic Base,15720.0
FC04082,FY2025-P04,CC08,Synthetic Stretch,17292.0
FC04091,FY2025-P04,CC09,Synthetic Base,15750.0
FC04092,FY2025-P04,CC09,Synthetic Stretch,17325.0
FC04101,FY2025-P04,CC10,Synthetic Base,15780.0
FC04102,FY2025-P04,CC10,Synthetic Stretch,17358.0
FC04111,FY2025-P04,CC11,Synthetic Base,15810.0
FC04112,FY2025-P04,CC11,Synthetic Stretch,17391.0
FC04121,FY2025-P04,CC12,Synthetic Base,15840.0
FC04122,FY2025-P04,CC12,Synthetic Stretch,17424.0
FC04131,FY2025-P04,CC13,Synthetic Base,15870.0
FC04132,FY2025-P04,CC13,Synthetic Stretch,17457.0
FC04141,FY2025-P04,CC14,Synthetic Base,15900.0
FC04142,FY2025-P04,CC14,Synthetic Stretch,17490.0
FC04151,FY2025-P04,CC15,Synthetic Base,15930.0
FC04152,FY2025-P04,CC15,Synthetic Stretch,17523.0
FC04161,FY2025-P04,CC16,Synthetic Base,15960.0
FC04162,FY2025-P04,CC16,Synthetic Stretch,17556.0
FC04171,FY2025-P04,CC17,Synthetic Base,15990.0
FC04172,FY2025-P04,CC17,Synthetic Stretch,17589.0
FC04181,FY2025-P04,CC18,Synthetic Base,16020.0
FC04182,FY2025-P04,CC18,Synthetic Stretch,17622.0
FC05011,FY2025-P05,CC01,Synthetic Base,15630.0
FC05012,FY2025-P05,CC01,Synthetic Stretch,17193.0
FC05021,FY2025-P05,CC02,Synthetic Base,15660.0
FC05022,FY2025-P05,CC02,Synthetic Stretch,17226.0
FC05031,FY2025-P05,CC03,Synthetic Base,15690.0
FC05032,FY2025-P05,CC03,Synthetic Stretch,17259.0
FC05041,FY2025-P05,CC04,Synthetic Base,15720.0
FC05042,FY2025-P05,CC04,Synthetic Stretch,17292.0
FC05051,FY2025-P05,CC05,Synthetic Base,15750.0
FC05052,FY2025-P05,CC05,Synthetic Stretch,17325.0
FC05061,FY2025-P05,CC06,Synthetic Base,15780.0
FC05062,FY2025-P05,CC06,Synthetic Stretch,17358.0
FC05071,FY2025-P05,CC07,Synthetic Base,15810.0
FC05072,FY2025-P05,CC07,Synthetic Stretch,17391.0
FC05081,FY2025-P05,CC08,Synthetic Base,15840.0
FC05082,FY2025-P05,CC08,Synthetic Stretch,17424.0
FC05091,FY2025-P05,CC09,Synthetic Base,15870.0
FC05092,FY2025-P05,CC09,Synthetic Stretch,17457.0
FC05101,FY2025-P05,CC10,Synthetic Base,15900.0
FC05102,FY2025-P05,CC10,Synthetic Stretch,17490.0
FC05111,FY2025-P05,CC11,Synthetic Base,15930.0
FC05112,FY2025-P05,CC11,Synthetic Stretch,17523.0
FC05121,FY2025-P05,CC12,Synthetic Base,15960.0
FC05122,FY2025-P05,CC12,Synthetic Stretch,17556.0
FC05131,FY2025-P05,CC13,Synthetic Base,15990.0
FC05132,FY2025-P05,CC13,Synthetic Stretch,17589.0
FC05141,FY2025-P05,CC14,Synthetic Base,16020.0
FC05142,FY2025-P05,CC14,Synthetic Stretch,17622.0
FC05151,FY2025-P05,CC15,Synthetic Base,16050.0
FC05152,FY2025-P05,CC15,Synthetic Stretch,17655.0
FC05161,FY2025-P05,CC16,Synthetic Base,16080.0
FC05162,FY2025-P05,CC16,Synthetic Stretch,17688.0
FC05171,FY2025-P05,CC17,Synthetic Base,16110.0
FC05172,FY2025-P05,CC17,Synthetic Stretch,17721.0
FC05181,FY2025-P05,CC18,Synthetic Base,16140.0
FC05182,FY2025-P05,CC18,Synthetic Stretch,17754.0
FC06011,FY2025-P06,CC01,Synthetic Base,15750.0
FC06012,FY2025-P06,CC01,Synthetic Stretch,17325.0
FC06021,FY2025-P06,CC02,Synthetic Base,15780.0
FC06022,FY2025-P06,CC02,Synthetic Stretch,17358.0
FC06031,FY2025-P06,CC03,Synthetic Base,15810.0
FC06032,FY2025-P06,CC03,Synthetic Stretch,17391.0
FC06041,FY2025-P06,CC04,Synthetic Base,15840.0
FC06042,FY2025-P06,CC04,Synthetic Stretch,17424.0
FC06051,FY2025-P06,CC05,Synthetic Base,15870.0
FC06052,FY2025-P06,CC05,Synthetic Stretch,17457.0
FC06061,FY2025-P06,CC06,Synthetic Base,15900.0
FC06062,FY2025-P06,CC06,Synthetic Stretch,17490.0
FC06071,FY2025-P06,CC07,Synthetic Base,15930.0
FC06072,FY2025-P06,CC07,Synthetic Stretch,17523.0
FC06081,FY2025-P06,CC08,Synthetic Base,15960.0
FC06082,FY2025-P06,CC08,Synthetic Stretch,17556.0
FC06091,FY2025-P06,CC09,Synthetic Base,15990.0
FC06092,FY2025-P06,CC09,Synthetic Stretch,17589.0
FC06101,FY2025-P06,CC10,Synthetic Base,16020.0
FC06102,FY2025-P06,CC10,Synthetic Stretch,17622.0
FC06111,FY2025-P06,CC11,Synthetic Base,16050.0
FC06112,FY2025-P06,CC11,Synthetic Stretch,17655.0
FC06121,FY2025-P06,CC12,Synthetic Base,16080.0
FC06122,FY2025-P06,CC12,Synthetic Stretch,17688.0
FC06131,FY2025-P06,CC13,Synthetic Base,16110.0
FC06132,FY2025-P06,CC13,Synthetic Stretch,17721.0
FC06141,FY2025-P06,CC14,Synthetic Base,16140.0
FC06142,FY2025-P06,CC14,Synthetic Stretch,17754.0
FC06151,FY2025-P06,CC15,Synthetic Base,16170.0
FC06152,FY2025-P06,CC15,Synthetic Stretch,17787.0
FC06161,FY2025-P06,CC16,Synthetic Base,16200.0
FC06162,FY2025-P06,CC16,Synthetic Stretch,17820.0
FC06171,FY2025-P06,CC17,Synthetic Base,16230.0
FC06172,FY2025-P06,CC17,Synthetic Stretch,17853.0
FC06181,FY2025-P06,CC18,Synthetic Base,16260.0
FC06182,FY2025-P06,CC18,Synthetic Stretch,17886.0
FC07011,FY2025-P07,CC01,Synthetic Base,15870.0
FC07012,FY2025-P07,CC01,Synthetic Stretch,17457.0
FC07021,FY2025-P07,CC02,Synthetic Base,15900.0
FC07022,FY2025-P07,CC02,Synthetic Stretch,17490.0
FC07031,FY2025-P07,CC03,Synthetic Base,15930.0
FC07032,FY2025-P07,CC03,Synthetic Stretch,17523.0
FC07041,FY2025-P07,CC04,Synthetic Base,15960.0
FC07042,FY2025-P07,CC04,Synthetic Stretch,17556.0
FC07051,FY2025-P07,CC05,Synthetic Base,15990.0
FC07052,FY2025-P07,CC05,Synthetic Stretch,17589.0
FC07061,FY2025-P07,CC06,Synthetic Base,16020.0
FC07062,FY2025-P07,CC06,Synthetic Stretch,17622.0
FC07071,FY2025-P07,CC07,Synthetic Base,16050.0
FC07072,FY2025-P07,CC07,Synthetic Stretch,17655.0
FC07081,FY2025-P07,CC08,Synthetic Base,16080.0
FC07082,FY2025-P07,CC08,Synthetic Stretch,17688.0
FC07091,FY2025-P07,CC09,Synthetic Base,16110.0
FC07092,FY2025-P07,CC09,Synthetic Stretch,17721.0
FC07101,FY2025-P07,CC10,Synthetic Base,16140.0
FC07102,FY2025-P07,CC10,Synthetic Stretch,17754.0
FC07111,FY2025-P07,CC11,Synthetic Base,16170.0
FC07112,FY2025-P07,CC11,Synthetic Stretch,17787.0
FC07121,FY2025-P07,CC12,Synthetic Base,16200.0
FC07122,FY2025-P07,CC12,Synthetic Stretch,17820.0
FC07131,FY2025-P07,CC13,Synthetic Base,16230.0
FC07132,FY2025-P07,CC13,Synthetic Stretch,17853.0
FC07141,FY2025-P07,CC14,Synthetic Base,16260.0
FC07142,FY2025-P07,CC14,Synthetic Stretch,17886.0
FC07151,FY2025-P07,CC15,Synthetic Base,16290.0
FC07152,FY2025-P07,CC15,Synthetic Stretch,17919.0
FC07161,FY2025-P07,CC16,Synthetic Base,16320.0
FC07162,FY2025-P07,CC16,Synthetic Stretch,17952.0
FC07171,FY2025-P07,CC17,Synthetic Base,16350.0
FC07172,FY2025-P07,CC17,Synthetic Stretch,17985.0
FC07181,FY2025-P07,CC18,Synthetic Base,16380.0
FC07182,FY2025-P07,CC18,Synthetic Stretch,18018.0
FC08011,FY2025-P08,CC01,Synthetic Base,15990.0
FC08012,FY2025-P08,CC01,Synthetic Stretch,17589.0
FC08021,FY2025-P08,CC02,Synthetic Base,16020.0
FC08022,FY2025-P08,CC02,Synthetic Stretch,17622.0
FC08031,FY2025-P08,CC03,Synthetic Base,16050.0
FC08032,FY2025-P08,CC03,Synthetic Stretch,17655.0
FC08041,FY2025-P08,CC04,Synthetic Base,16080.0
FC08042,FY2025-P08,CC04,Synthetic Stretch,17688.0
FC08051,FY2025-P08,CC05,Synthetic Base,16110.0
FC08052,FY2025-P08,CC05,Synthetic Stretch,17721.0
FC08061,FY2025-P08,CC06,Synthetic Base,16140.0
FC08062,FY2025-P08,CC06,Synthetic Stretch,17754.0
FC08071,FY2025-P08,CC07,Synthetic Base,16170.0
FC08072,FY2025-P08,CC07,Synthetic Stretch,17787.0
FC08081,FY2025-P08,CC08,Synthetic Base,16200.0
FC08082,FY2025-P08,CC08,Synthetic Stretch,17820.0
FC08091,FY2025-P08,CC09,Synthetic Base,16230.0
FC08092,FY2025-P08,CC09,Synthetic Stretch,17853.0
FC08101,FY2025-P08,CC10,Synthetic Base,16260.0
FC08102,FY2025-P08,CC10,Synthetic Stretch,17886.0
FC08111,FY2025-P08,CC11,Synthetic Base,16290.0
FC08112,FY2025-P08,CC11,Synthetic Stretch,17919.0
FC08121,FY2025-P08,CC12,Synthetic Base,16320.0
FC08122,FY2025-P08,CC12,Synthetic Stretch,17952.0
FC08131,FY2025-P08,CC13,Synthetic Base,16350.0
FC08132,FY2025-P08,CC13,Synthetic Stretch,17985.0
FC08141,FY2025-P08,CC14,Synthetic Base,16380.0
FC08142,FY2025-P08,CC14,Synthetic Stretch,18018.0
FC08151,FY2025-P08,CC15,Synthetic Base,16410.0
FC08152,FY2025-P08,CC15,Synthetic Stretch,18051.0
FC08161,FY2025-P08,CC16,Synthetic Base,16440.0
FC08162,FY2025-P08,CC16,Synthetic Stretch,18084.0
FC08171,FY2025-P08,CC17,Synthetic Base,16470.0
FC08172,FY2025-P08,CC17,Synthetic Stretch,18117.0
FC08181,FY2025-P08,CC18,Synthetic Base,16500.0
FC08182,FY2025-P08,CC18,Synthetic Stretch,18150.0
FC09011,FY2025-P09,CC01,Synthetic Base,16110.0
FC09012,FY2025-P09,CC01,Synthetic Stretch,17721.0
FC09021,FY2025-P09,CC02,Synthetic Base,16140.0
FC09022,FY2025-P09,CC02,Synthetic Stretch,17754.0
FC09031,FY2025-P09,CC03,Synthetic Base,16170.0
FC09032,FY2025-P09,CC03,Synthetic Stretch,17787.0
FC09041,FY2025-P09,CC04,Synthetic Base,16200.0
FC09042,FY2025-P09,CC04,Synthetic Stretch,17820.0
FC09051,FY2025-P09,CC05,Synthetic Base,16230.0
FC09052,FY2025-P09,CC05,Synthetic Stretch,17853.0
FC09061,FY2025-P09,CC06,Synthetic Base,16260.0
FC09062,FY2025-P09,CC06,Synthetic Stretch,17886.0
FC09071,FY2025-P09,CC07,Synthetic Base,16290.0
FC09072,FY2025-P09,CC07,Synthetic Stretch,17919.0
FC09081,FY2025-P09,CC08,Synthetic Base,16320.0
FC09082,FY2025-P09,CC08,Synthetic Stretch,17952.0
FC09091,FY2025-P09,CC09,Synthetic Base,16350.0
FC09092,FY2025-P09,CC09,Synthetic Stretch,17985.0
FC09101,FY2025-P09,CC10,Synthetic Base,16380.0
FC09102,FY2025-P09,CC10,Synthetic Stretch,18018.0
FC09111,FY2025-P09,CC11,Synthetic Base,16410.0
FC09112,FY2025-P09,CC11,Synthetic Stretch,18051.0
FC09121,FY2025-P09,CC12,Synthetic Base,16440.0
FC09122,FY2025-P09,CC12,Synthetic Stretch,18084.0
FC09131,FY2025-P09,CC13,Synthetic Base,16470.0
FC09132,FY2025-P09,CC13,Synthetic Stretch,18117.0
FC09141,FY2025-P09,CC14,Synthetic Base,16500.0
FC09142,FY2025-P09,CC14,Synthetic Stretch,18150.0
FC09151,FY2025-P09,CC15,Synthetic Base,16530.0
FC09152,FY2025-P09,CC15,Synthetic Stretch,18183.0
FC09161,FY2025-P09,CC16,Synthetic Base,16560.0
FC09162,FY2025-P09,CC16,Synthetic Stretch,18216.0
FC09171,FY2025-P09,CC17,Synthetic Base,16590.0
FC09172,FY2025-P09,CC17,Synthetic Stretch,18249.0
FC09181,FY2025-P09,CC18,Synthetic Base,16620.0
FC09182,FY2025-P09,CC18,Synthetic Stretch,18282.0
FC10011,FY2025-P10,CC01,Synthetic Base,16230.0
FC10012,FY2025-P10,CC01,Synthetic Stretch,17853.0
FC10021,FY2025-P10,CC02,Synthetic Base,16260.0
FC10022,FY2025-P10,CC02,Synthetic Stretch,17886.0
FC10031,FY2025-P10,CC03,Synthetic Base,16290.0
FC10032,FY2025-P10,CC03,Synthetic Stretch,17919.0
FC10041,FY2025-P10,CC04,Synthetic Base,16320.0
FC10042,FY2025-P10,CC04,Synthetic Stretch,17952.0
FC10051,FY2025-P10,CC05,Synthetic Base,16350.0
FC10052,FY2025-P10,CC05,Synthetic Stretch,17985.0
FC10061,FY2025-P10,CC06,Synthetic Base,16380.0
FC10062,FY2025-P10,CC06,Synthetic Stretch,18018.0
FC10071,FY2025-P10,CC07,Synthetic Base,16410.0
FC10072,FY2025-P10,CC07,Synthetic Stretch,18051.0
FC10081,FY2025-P10,CC08,Synthetic Base,16440.0
FC10082,FY2025-P10,CC08,Synthetic Stretch,18084.0
FC10091,FY2025-P10,CC09,Synthetic Base,16470.0
FC10092,FY2025-P10,CC09,Synthetic Stretch,18117.0
FC10101,FY2025-P10,CC10,Synthetic Base,16500.0
FC10102,FY2025-P10,CC10,Synthetic Stretch,18150.0
FC10111,FY2025-P10,CC11,Synthetic Base,16530.0
FC10112,FY2025-P10,CC11,Synthetic Stretch,18183.0
FC10121,FY2025-P10,CC12,Synthetic Base,16560.0
FC10122,FY2025-P10,CC12,Synthetic Stretch,18216.0
FC10131,FY2025-P10,CC13,Synthetic Base,16590.0
FC10132,FY2025-P10,CC13,Synthetic Stretch,18249.0
FC10141,FY2025-P10,CC14,Synthetic Base,16620.0
FC10142,FY2025-P10,CC14,Synthetic Stretch,18282.0
FC10151,FY2025-P10,CC15,Synthetic Base,16650.0
FC10152,FY2025-P10,CC15,Synthetic Stretch,18315.0
FC10161,FY2025-P10,CC16,Synthetic Base,16680.0
FC10162,FY2025-P10,CC16,Synthetic Stretch,18348.0
FC10171,FY2025-P10,CC17,Synthetic Base,16710.0
FC10172,FY2025-P10,CC17,Synthetic Stretch,18381.0
FC10181,FY2025-P10,CC18,Synthetic Base,16740.0
FC10182,FY2025-P10,CC18,Synthetic Stretch,18414.0
FC11011,FY2025-P11,CC01,Synthetic Base,16350.0
FC11012,FY2025-P11,CC01,Synthetic Stretch,17985.0
FC11021,FY2025-P11,CC02,Synthetic Base,16380.0
FC11022,FY2025-P11,CC02,Synthetic Stretch,18018.0
FC11031,FY2025-P11,CC03,Synthetic Base,16410.0
FC11032,FY2025-P11,CC03,Synthetic Stretch,18051.0
FC11041,FY2025-P11,CC04,Synthetic Base,16440.0
FC11042,FY2025-P11,CC04,Synthetic Stretch,18084.0
FC11051,FY2025-P11,CC05,Synthetic Base,16470.0
FC11052,FY2025-P11,CC05,Synthetic Stretch,18117.0
FC11061,FY2025-P11,CC06,Synthetic Base,16500.0
FC11062,FY2025-P11,CC06,Synthetic Stretch,18150.0
FC11071,FY2025-P11,CC07,Synthetic Base,16530.0
FC11072,FY2025-P11,CC07,Synthetic Stretch,18183.0
FC11081,FY2025-P11,CC08,Synthetic Base,16560.0
FC11082,FY2025-P11,CC08,Synthetic Stretch,18216.0
FC11091,FY2025-P11,CC09,Synthetic Base,16590.0
FC11092,FY2025-P11,CC09,Synthetic Stretch,18249.0
FC11101,FY2025-P11,CC10,Synthetic Base,16620.0
FC11102,FY2025-P11,CC10,Synthetic Stretch,18282.0
FC11111,FY2025-P11,CC11,Synthetic Base,16650.0
FC11112,FY2025-P11,CC11,Synthetic Stretch,18315.0
FC11121,FY2025-P11,CC12,Synthetic Base,16680.0
FC11122,FY2025-P11,CC12,Synthetic Stretch,18348.0
FC11131,FY2025-P11,CC13,Synthetic Base,16710.0
FC11132,FY2025-P11,CC13,Synthetic Stretch,18381.0
FC11141,FY2025-P11,CC14,Synthetic Base,16740.0
FC11142,FY2025-P11,CC14,Synthetic Stretch,18414.0
FC11151,FY2025-P11,CC15,Synthetic Base,16770.0
FC11152,FY2025-P11,CC15,Synthetic Stretch,18447.0
FC11161,FY2025-P11,CC16,Synthetic Base,16800.0
FC11162,FY2025-P11,CC16,Synthetic Stretch,18480.0
FC11171,FY2025-P11,CC17,Synthetic Base,16830.0
FC11172,FY2025-P11,CC17,Synthetic Stretch,18513.0
FC11181,FY2025-P11,CC18,Synthetic Base,16860.0
FC11182,FY2025-P11,CC18,Synthetic Stretch,18546.0
FC12011,FY2025-P12,CC01,Synthetic Base,16470.0
FC12012,FY2025-P12,CC01,Synthetic Stretch,18117.0
FC12021,FY2025-P12,CC02,Synthetic Base,16500.0
FC12022,FY2025-P12,CC02,Synthetic Stretch,18150.0
FC12031,FY2025-P12,CC03,Synthetic Base,16530.0
FC12032,FY2025-P12,CC03,Synthetic Stretch,18183.0
FC12041,FY2025-P12,CC04,Synthetic Base,16560.0
FC12042,FY2025-P12,CC04,Synthetic Stretch,18216.0
FC12051,FY2025-P12,CC05,Synthetic Base,16590.0
FC12052,FY2025-P12,CC05,Synthetic Stretch,18249.0
FC12061,FY2025-P12,CC06,Synthetic Base,16620.0
FC12062,FY2025-P12,CC06,Synthetic Stretch,18282.0
FC12071,FY2025-P12,CC07,Synthetic Base,16650.0
FC12072,FY2025-P12,CC07,Synthetic Stretch,18315.0
FC12081,FY2025-P12,CC08,Synthetic Base,16680.0
FC12082,FY2025-P12,CC08,Synthetic Stretch,18348.0
FC12091,FY2025-P12,CC09,Synthetic Base,16710.0
FC12092,FY2025-P12,CC09,Synthetic Stretch,18381.0
FC12101,FY2025-P12,CC10,Synthetic Base,16740.0
FC12102,FY2025-P12,CC10,Synthetic Stretch,18414.0
FC12111,FY2025-P12,CC11,Synthetic Base,16770.0
FC12112,FY2025-P12,CC11,Synthetic Stretch,18447.0
FC12121,FY2025-P12,CC12,Synthetic Base,16800.0
FC12122,FY2025-P12,CC12,Synthetic Stretch,18480.0
FC12131,FY2025-P12,CC13,Synthetic Base,16830.0
FC12132,FY2025-P12,CC13,Synthetic Stretch,18513.0
FC12141,FY2025-P12,CC14,Synthetic Base,16860.0
FC12142,FY2025-P12,CC14,Synthetic Stretch,18546.0
FC12151,FY2025-P12,CC15,Synthetic Base,16890.0
FC12152,FY2025-P12,CC15,Synthetic Stretch,18579.0
FC12161,FY2025-P12,CC16,Synthetic Base,16920.0
FC12162,FY2025-P12,CC16,Synthetic Stretch,18612.0
FC12171,FY2025-P12,CC17,Synthetic Base,16950.0
FC12172,FY2025-P12,CC17,Synthetic Stretch,18645.0
FC12181,FY2025-P12,CC18,Synthetic Base,16980.0
FC12182,FY2025-P12,CC18,Synthetic Stretch,18678.0
FC13011,FY2026-P01,CC01,Synthetic Base,16590.0
FC13012,FY2026-P01,CC01,Synthetic Stretch,18249.0
FC13021,FY2026-P01,CC02,Synthetic Base,16620.0
FC13022,FY2026-P01,CC02,Synthetic Stretch,18282.0
FC13031,FY2026-P01,CC03,Synthetic Base,16650.0
FC13032,FY2026-P01,CC03,Synthetic Stretch,18315.0
FC13041,FY2026-P01,CC04,Synthetic Base,16680.0
FC13042,FY2026-P01,CC04,Synthetic Stretch,18348.0
FC13051,FY2026-P01,CC05,Synthetic Base,16710.0
FC13052,FY2026-P01,CC05,Synthetic Stretch,18381.0
FC13061,FY2026-P01,CC06,Synthetic Base,16740.0
FC13062,FY2026-P01,CC06,Synthetic Stretch,18414.0
FC13071,FY2026-P01,CC07,Synthetic Base,16770.0
FC13072,FY2026-P01,CC07,Synthetic Stretch,18447.0
FC13081,FY2026-P01,CC08,Synthetic Base,16800.0
FC13082,FY2026-P01,CC08,Synthetic Stretch,18480.0
FC13091,FY2026-P01,CC09,Synthetic Base,16830.0
FC13092,FY2026-P01,CC09,Synthetic Stretch,18513.0
FC13101,FY2026-P01,CC10,Synthetic Base,16860.0
FC13102,FY2026-P01,CC10,Synthetic Stretch,18546.0
FC13111,FY2026-P01,CC11,Synthetic Base,16890.0
FC13112,FY2026-P01,CC11,Synthetic Stretch,18579.0
FC13121,FY2026-P01,CC12,Synthetic Base,16920.0
FC13122,FY2026-P01,CC12,Synthetic Stretch,18612.0
FC13131,FY2026-P01,CC13,Synthetic Base,16950.0
FC13132,FY2026-P01,CC13,Synthetic Stretch,18645.0
FC13141,FY2026-P01,CC14,Synthetic Base,16980.0
FC13142,FY2026-P01,CC14,Synthetic Stretch,18678.0
FC13151,FY2026-P01,CC15,Synthetic Base,17010.0
FC13152,FY2026-P01,CC15,Synthetic Stretch,18711.0
FC13161,FY2026-P01,CC16,Synthetic Base,17040.0
FC13162,FY2026-P01,CC16,Synthetic Stretch,18744.0
FC13171,FY2026-P01,CC17,Synthetic Base,17070.0
FC13172,FY2026-P01,CC17,Synthetic Stretch,18777.0
FC13181,FY2026-P01,CC18,Synthetic Base,17100.0
FC13182,FY2026-P01,CC18,Synthetic Stretch,18810.0
FC14011,FY2026-P02,CC01,Synthetic Base,16710.0
FC14012,FY2026-P02,CC01,Synthetic Stretch,18381.0
FC14021,FY2026-P02,CC02,Synthetic Base,16740.0
FC14022,FY2026-P02,CC02,Synthetic Stretch,18414.0
FC14031,FY2026-P02,CC03,Synthetic Base,16770.0
FC14032,FY2026-P02,CC03,Synthetic Stretch,18447.0
FC14041,FY2026-P02,CC04,Synthetic Base,16800.0
FC14042,FY2026-P02,CC04,Synthetic Stretch,18480.0
FC14051,FY2026-P02,CC05,Synthetic Base,16830.0
FC14052,FY2026-P02,CC05,Synthetic Stretch,18513.0
FC14061,FY2026-P02,CC06,Synthetic Base,16860.0
FC14062,FY2026-P02,CC06,Synthetic Stretch,18546.0
FC14071,FY2026-P02,CC07,Synthetic Base,16890.0
FC14072,FY2026-P02,CC07,Synthetic Stretch,18579.0
FC14081,FY2026-P02,CC08,Synthetic Base,16920.0
FC14082,FY2026-P02,CC08,Synthetic Stretch,18612.0
FC14091,FY2026-P02,CC09,Synthetic Base,16950.0
FC14092,FY2026-P02,CC09,Synthetic Stretch,18645.0
FC14101,FY2026-P02,CC10,Synthetic Base,16980.0
FC14102,FY2026-P02,CC10,Synthetic Stretch,18678.0
FC14111,FY2026-P02,CC11,Synthetic Base,17010.0
FC14112,FY2026-P02,CC11,Synthetic Stretch,18711.0
FC14121,FY2026-P02,CC12,Synthetic Base,17040.0
FC14122,FY2026-P02,CC12,Synthetic Stretch,18744.0
FC14131,FY2026-P02,CC13,Synthetic Base,17070.0
FC14132,FY2026-P02,CC13,Synthetic Stretch,18777.0
FC14141,FY2026-P02,CC14,Synthetic Base,17100.0
FC14142,FY2026-P02,CC14,Synthetic Stretch,18810.0
FC14151,FY2026-P02,CC15,Synthetic Base,17130.0
FC14152,FY2026-P02,CC15,Synthetic Stretch,18843.0
FC14161,FY2026-P02,CC16,Synthetic Base,17160.0
FC14162,FY2026-P02,CC16,Synthetic Stretch,18876.0
FC14171,FY2026-P02,CC17,Synthetic Base,17190.0
FC14172,FY2026-P02,CC17,Synthetic Stretch,18909.0
FC14181,FY2026-P02,CC18,Synthetic Base,17220.0
FC14182,FY2026-P02,CC18,Synthetic Stretch,18942.0
FC15011,FY2026-P03,CC01,Synthetic Base,16830.0
FC15012,FY2026-P03,CC01,Synthetic Stretch,18513.0
FC15021,FY2026-P03,CC02,Synthetic Base,16860.0
FC15022,FY2026-P03,CC02,Synthetic Stretch,18546.0
FC15031,FY2026-P03,CC03,Synthetic Base,16890.0
FC15032,FY2026-P03,CC03,Synthetic Stretch,18579.0
FC15041,FY2026-P03,CC04,Synthetic Base,16920.0
FC15042,FY2026-P03,CC04,Synthetic Stretch,18612.0
FC15051,FY2026-P03,CC05,Synthetic Base,16950.0
FC15052,FY2026-P03,CC05,Synthetic Stretch,18645.0
FC15061,FY2026-P03,CC06,Synthetic Base,16980.0
FC15062,FY2026-P03,CC06,Synthetic Stretch,18678.0
FC15071,FY2026-P03,CC07,Synthetic Base,17010.0
FC15072,FY2026-P03,CC07,Synthetic Stretch,18711.0
FC15081,FY2026-P03,CC08,Synthetic Base,17040.0
FC15082,FY2026-P03,CC08,Synthetic Stretch,18744.0
FC15091,FY2026-P03,CC09,Synthetic Base,17070.0
FC15092,FY2026-P03,CC09,Synthetic Stretch,18777.0
FC15101,FY2026-P03,CC10,Synthetic Base,17100.0
FC15102,FY2026-P03,CC10,Synthetic Stretch,18810.0
FC15111,FY2026-P03,CC11,Synthetic Base,17130.0
FC15112,FY2026-P03,CC11,Synthetic Stretch,18843.0
FC15121,FY2026-P03,CC12,Synthetic Base,17160.0
FC15122,FY2026-P03,CC12,Synthetic Stretch,18876.0
FC15131,FY2026-P03,CC13,Synthetic Base,17190.0
FC15132,FY2026-P03,CC13,Synthetic Stretch,18909.0
FC15141,FY2026-P03,CC14,Synthetic Base,17220.0
FC15142,FY2026-P03,CC14,Synthetic Stretch,18942.0
FC15151,FY2026-P03,CC15,Synthetic Base,17250.0
FC15152,FY2026-P03,CC15,Synthetic Stretch,18975.0
FC15161,FY2026-P03,CC16,Synthetic Base,17280.0
FC15162,FY2026-P03,CC16,Synthetic Stretch,19008.0
FC15171,FY2026-P03,CC17,Synthetic Base,17310.0
FC15172,FY2026-P03,CC17,Synthetic Stretch,19041.0
FC15181,FY2026-P03,CC18,Synthetic Base,17340.0
FC15182,FY2026-P03,CC18,Synthetic Stretch,19074.0
FC16011,FY2026-P04,CC01,Synthetic Base,16950.0
FC16012,FY2026-P04,CC01,Synthetic Stretch,18645.0
FC16021,FY2026-P04,CC02,Synthetic Base,16980.0
FC16022,FY2026-P04,CC02,Synthetic Stretch,18678.0
FC16031,FY2026-P04,CC03,Synthetic Base,17010.0
FC16032,FY2026-P04,CC03,Synthetic Stretch,18711.0
FC16041,FY2026-P04,CC04,Synthetic Base,17040.0
FC16042,FY2026-P04,CC04,Synthetic Stretch,18744.0
FC16051,FY2026-P04,CC05,Synthetic Base,17070.0
FC16052,FY2026-P04,CC05,Synthetic Stretch,18777.0
FC16061,FY2026-P04,CC06,Synthetic Base,17100.0
FC16062,FY2026-P04,CC06,Synthetic Stretch,18810.0
FC16071,FY2026-P04,CC07,Synthetic Base,17130.0
FC16072,FY2026-P04,CC07,Synthetic Stretch,18843.0
FC16081,FY2026-P04,CC08,Synthetic Base,17160.0
FC16082,FY2026-P04,CC08,Synthetic Stretch,18876.0
FC16091,FY2026-P04,CC09,Synthetic Base,17190.0
FC16092,FY2026-P04,CC09,Synthetic Stretch,18909.0
FC16101,FY2026-P04,CC10,Synthetic Base,17220.0
FC16102,FY2026-P04,CC10,Synthetic Stretch,18942.0
FC16111,FY2026-P04,CC11,Synthetic Base,17250.0
FC16112,FY2026-P04,CC11,Synthetic Stretch,18975.0
FC16121,FY2026-P04,CC12,Synthetic Base,17280.0
FC16122,FY2026-P04,CC12,Synthetic Stretch,19008.0
FC16131,FY2026-P04,CC13,Synthetic Base,17310.0
FC16132,FY2026-P04,CC13,Synthetic Stretch,19041.0
FC16141,FY2026-P04,CC14,Synthetic Base,17340.0
FC16142,FY2026-P04,CC14,Synthetic Stretch,19074.0
FC16151,FY2026-P04,CC15,Synthetic Base,17370.0
FC16152,FY2026-P04,CC15,Synthetic Stretch,19107.0
FC16161,FY2026-P04,CC16,Synthetic Base,17400.0
FC16162,FY2026-P04,CC16,Synthetic Stretch,19140.0
FC16171,FY2026-P04,CC17,Synthetic Base,17430.0
FC16172,FY2026-P04,CC17,Synthetic Stretch,19173.0
FC16181,FY2026-P04,CC18,Synthetic Base,17460.0
FC16182,FY2026-P04,CC18,Synthetic Stretch,19206.0
FC17011,FY2026-P05,CC01,Synthetic Base,17070.0
FC17012,FY2026-P05,CC01,Synthetic Stretch,18777.0
FC17021,FY2026-P05,CC02,Synthetic Base,17100.0
FC17022,FY2026-P05,CC02,Synthetic Stretch,18810.0
FC17031,FY2026-P05,CC03,Synthetic Base,17130.0
FC17032,FY2026-P05,CC03,Synthetic Stretch,18843.0
FC17041,FY2026-P05,CC04,Synthetic Base,17160.0
FC17042,FY2026-P05,CC04,Synthetic Stretch,18876.0
FC17051,FY2026-P05,CC05,Synthetic Base,17190.0
FC17052,FY2026-P05,CC05,Synthetic Stretch,18909.0
FC17061,FY2026-P05,CC06,Synthetic Base,17220.0
FC17062,FY2026-P05,CC06,Synthetic Stretch,18942.0
FC17071,FY2026-P05,CC07,Synthetic Base,17250.0
FC17072,FY2026-P05,CC07,Synthetic Stretch,18975.0
FC17081,FY2026-P05,CC08,Synthetic Base,17280.0
FC17082,FY2026-P05,CC08,Synthetic Stretch,19008.0
FC17091,FY2026-P05,CC09,Synthetic Base,17310.0
FC17092,FY2026-P05,CC09,Synthetic Stretch,19041.0
FC17101,FY2026-P05,CC10,Synthetic Base,17340.0
FC17102,FY2026-P05,CC10,Synthetic Stretch,19074.0
FC17111,FY2026-P05,CC11,Synthetic Base,17370.0
FC17112,FY2026-P05,CC11,Synthetic Stretch,19107.0
FC17121,FY2026-P05,CC12,Synthetic Base,17400.0
FC17122,FY2026-P05,CC12,Synthetic Stretch,19140.0
FC17131,FY2026-P05,CC13,Synthetic Base,17430.0
FC17132,FY2026-P05,CC13,Synthetic Stretch,19173.0
FC17141,FY2026-P05,CC14,Synthetic Base,17460.0
FC17142,FY2026-P05,CC14,Synthetic Stretch,19206.0
FC17151,FY2026-P05,CC15,Synthetic Base,17490.0
FC17152,FY2026-P05,CC15,Synthetic Stretch,19239.0
FC17161,FY2026-P05,CC16,Synthetic Base,17520.0
FC17162,FY2026-P05,CC16,Synthetic Stretch,19272.0
FC17171,FY2026-P05,CC17,Synthetic Base,17550.0
FC17172,FY2026-P05,CC17,Synthetic Stretch,19305.0
FC17181,FY2026-P05,CC18,Synthetic Base,17580.0
FC17182,FY2026-P05,CC18,Synthetic Stretch,19338.0
FC18011,FY2026-P06,CC01,Synthetic Base,17190.0
FC18012,FY2026-P06,CC01,Synthetic Stretch,18909.0
FC18021,FY2026-P06,CC02,Synthetic Base,17220.0
FC18022,FY2026-P06,CC02,Synthetic Stretch,18942.0
FC18031,FY2026-P06,CC03,Synthetic Base,17250.0
FC18032,FY2026-P06,CC03,Synthetic Stretch,18975.0
FC18041,FY2026-P06,CC04,Synthetic Base,17280.0
FC18042,FY2026-P06,CC04,Synthetic Stretch,19008.0
FC18051,FY2026-P06,CC05,Synthetic Base,17310.0
FC18052,FY2026-P06,CC05,Synthetic Stretch,19041.0
FC18061,FY2026-P06,CC06,Synthetic Base,17340.0
FC18062,FY2026-P06,CC06,Synthetic Stretch,19074.0
FC18071,FY2026-P06,CC07,Synthetic Base,17370.0
FC18072,FY2026-P06,CC07,Synthetic Stretch,19107.0
FC18081,FY2026-P06,CC08,Synthetic Base,17400.0
FC18082,FY2026-P06,CC08,Synthetic Stretch,19140.0
FC18091,FY2026-P06,CC09,Synthetic Base,17430.0
FC18092,FY2026-P06,CC09,Synthetic Stretch,19173.0
FC18101,FY2026-P06,CC10,Synthetic Base,17460.0
FC18102,FY2026-P06,CC10,Synthetic Stretch,19206.0
FC18111,FY2026-P06,CC11,Synthetic Base,17490.0
FC18112,FY2026-P06,CC11,Synthetic Stretch,19239.0
FC18121,FY2026-P06,CC12,Synthetic Base,17520.0
FC18122,FY2026-P06,CC12,Synthetic Stretch,19272.0
FC18131,FY2026-P06,CC13,Synthetic Base,17550.0
FC18132,FY2026-P06,CC13,Synthetic Stretch,19305.0
FC18141,FY2026-P06,CC14,Synthetic Base,17580.0
FC18142,FY2026-P06,CC14,Synthetic Stretch,19338.0
FC18151,FY2026-P06,CC15,Synthetic Base,17610.0
FC18152,FY2026-P06,CC15,Synthetic Stretch,19371.0
FC18161,FY2026-P06,CC16,Synthetic Base,17640.0
FC18162,FY2026-P06,CC16,Synthetic Stretch,19404.0
FC18171,FY2026-P06,CC17,Synthetic Base,17670.0
FC18172,FY2026-P06,CC17,Synthetic Stretch,19437.0
FC18181,FY2026-P06,CC18,Synthetic Base,17700.0
FC18182,FY2026-P06,CC18,Synthetic Stretch,19470.0
FC19011,FY2026-P07,CC01,Synthetic Base,17310.0
FC19012,FY2026-P07,CC01,Synthetic Stretch,19041.0
FC19021,FY2026-P07,CC02,Synthetic Base,17340.0
FC19022,FY2026-P07,CC02,Synthetic Stretch,19074.0
FC19031,FY2026-P07,CC03,Synthetic Base,17370.0
FC19032,FY2026-P07,CC03,Synthetic Stretch,19107.0
FC19041,FY2026-P07,CC04,Synthetic Base,17400.0
FC19042,FY2026-P07,CC04,Synthetic Stretch,19140.0
FC19051,FY2026-P07,CC05,Synthetic Base,17430.0
FC19052,FY2026-P07,CC05,Synthetic Stretch,19173.0
FC19061,FY2026-P07,CC06,Synthetic Base,17460.0
FC19062,FY2026-P07,CC06,Synthetic Stretch,19206.0
FC19071,FY2026-P07,CC07,Synthetic Base,17490.0
FC19072,FY2026-P07,CC07,Synthetic Stretch,19239.0
FC19081,FY2026-P07,CC08,Synthetic Base,17520.0
FC19082,FY2026-P07,CC08,Synthetic Stretch,19272.0
FC19091,FY2026-P07,CC09,Synthetic Base,17550.0
FC19092,FY2026-P07,CC09,Synthetic Stretch,19305.0
FC19101,FY2026-P07,CC10,Synthetic Base,17580.0
FC19102,FY2026-P07,CC10,Synthetic Stretch,19338.0
FC19111,FY2026-P07,CC11,Synthetic Base,17610.0
FC19112,FY2026-P07,CC11,Synthetic Stretch,19371.0
FC19121,FY2026-P07,CC12,Synthetic Base,17640.0
FC19122,FY2026-P07,CC12,Synthetic Stretch,19404.0
FC19131,FY2026-P07,CC13,Synthetic Base,17670.0
FC19132,FY2026-P07,CC13,Synthetic Stretch,19437.0
FC19141,FY2026-P07,CC14,Synthetic Base,17700.0
FC19142,FY2026-P07,CC14,Synthetic Stretch,19470.0
FC19151,FY2026-P07,CC15,Synthetic Base,17730.0
FC19152,FY2026-P07,CC15,Synthetic Stretch,19503.0
FC19161,FY2026-P07,CC16,Synthetic Base,17760.0
FC19162,FY2026-P07,CC16,Synthetic Stretch,19536.0
FC19171,FY2026-P07,CC17,Synthetic Base,17790.0
FC19172,FY2026-P07,CC17,Synthetic Stretch,19569.0
FC19181,FY2026-P07,CC18,Synthetic Base,17820.0
FC19182,FY2026-P07,CC18,Synthetic Stretch,19602.0
FC20011,FY2026-P08,CC01,Synthetic Base,17430.0
FC20012,FY2026-P08,CC01,Synthetic Stretch,19173.0
FC20021,FY2026-P08,CC02,Synthetic Base,17460.0
FC20022,FY2026-P08,CC02,Synthetic Stretch,19206.0
FC20031,FY2026-P08,CC03,Synthetic Base,17490.0
FC20032,FY2026-P08,CC03,Synthetic Stretch,19239.0
FC20041,FY2026-P08,CC04,Synthetic Base,17520.0
FC20042,FY2026-P08,CC04,Synthetic Stretch,19272.0
FC20051,FY2026-P08,CC05,Synthetic Base,17550.0
FC20052,FY2026-P08,CC05,Synthetic Stretch,19305.0
FC20061,FY2026-P08,CC06,Synthetic Base,17580.0
FC20062,FY2026-P08,CC06,Synthetic Stretch,19338.0
FC20071,FY2026-P08,CC07,Synthetic Base,17610.0
FC20072,FY2026-P08,CC07,Synthetic Stretch,19371.0
FC20081,FY2026-P08,CC08,Synthetic Base,17640.0
FC20082,FY2026-P08,CC08,Synthetic Stretch,19404.0
FC20091,FY2026-P08,CC09,Synthetic Base,17670.0
FC20092,FY2026-P08,CC09,Synthetic Stretch,19437.0
FC20101,FY2026-P08,CC10,Synthetic Base,17700.0
FC20102,FY2026-P08,CC10,Synthetic Stretch,19470.0
FC20111,FY2026-P08,CC11,Synthetic Base,17730.0
FC20112,FY2026-P08,CC11,Synthetic Stretch,19503.0
FC20121,FY2026-P08,CC12,Synthetic Base,17760.0
FC20122,FY2026-P08,CC12,Synthetic Stretch,19536.0
FC20131,FY2026-P08,CC13,Synthetic Base,17790.0
FC20132,FY2026-P08,CC13,Synthetic Stretch,19569.0
FC20141,FY2026-P08,CC14,Synthetic Base,17820.0
FC20142,FY2026-P08,CC14,Synthetic Stretch,19602.0
FC20151,FY2026-P08,CC15,Synthetic Base,17850.0
FC20152,FY2026-P08,CC15,Synthetic Stretch,19635.0
FC20161,FY2026-P08,CC16,Synthetic Base,17880.0
FC20162,FY2026-P08,CC16,Synthetic Stretch,19668.0
FC20171,FY2026-P08,CC17,Synthetic Base,17910.0
FC20172,FY2026-P08,CC17,Synthetic Stretch,19701.0
FC20181,FY2026-P08,CC18,Synthetic Base,17940.0
FC20182,FY2026-P08,CC18,Synthetic Stretch,19734.0
FC21011,FY2026-P09,CC01,Synthetic Base,17550.0
FC21012,FY2026-P09,CC01,Synthetic Stretch,19305.0
FC21021,FY2026-P09,CC02,Synthetic Base,17580.0
FC21022,FY2026-P09,CC02,Synthetic Stretch,19338.0
FC21031,FY2026-P09,CC03,Synthetic Base,17610.0
FC21032,FY2026-P09,CC03,Synthetic Stretch,19371.0
FC21041,FY2026-P09,CC04,Synthetic Base,17640.0
FC21042,FY2026-P09,CC04,Synthetic Stretch,19404.0
FC21051,FY2026-P09,CC05,Synthetic Base,17670.0
FC21052,FY2026-P09,CC05,Synthetic Stretch,19437.0
FC21061,FY2026-P09,CC06,Synthetic Base,17700.0
FC21062,FY2026-P09,CC06,Synthetic Stretch,19470.0
FC21071,FY2026-P09,CC07,Synthetic Base,17730.0
FC21072,FY2026-P09,CC07,Synthetic Stretch,19503.0
FC21081,FY2026-P09,CC08,Synthetic Base,17760.0
FC21082,FY2026-P09,CC08,Synthetic Stretch,19536.0
FC21091,FY2026-P09,CC09,Synthetic Base,17790.0
FC21092,FY2026-P09,CC09,Synthetic Stretch,19569.0
FC21101,FY2026-P09,CC10,Synthetic Base,17820.0
FC21102,FY2026-P09,CC10,Synthetic Stretch,19602.0
FC21111,FY2026-P09,CC11,Synthetic Base,17850.0
FC21112,FY2026-P09,CC11,Synthetic Stretch,19635.0
FC21121,FY2026-P09,CC12,Synthetic Base,17880.0
FC21122,FY2026-P09,CC12,Synthetic Stretch,19668.0
FC21131,FY2026-P09,CC13,Synthetic Base,17910.0
FC21132,FY2026-P09,CC13,Synthetic Stretch,19701.0
FC21141,FY2026-P09,CC14,Synthetic Base,17940.0
FC21142,FY2026-P09,CC14,Synthetic Stretch,19734.0
FC21151,FY2026-P09,CC15,Synthetic Base,17970.0
FC21152,FY2026-P09,CC15,Synthetic Stretch,19767.0
FC21161,FY2026-P09,CC16,Synthetic Base,18000.0
FC21162,FY2026-P09,CC16,Synthetic Stretch,19800.0
FC21171,FY2026-P09,CC17,Synthetic Base,18030.0
FC21172,FY2026-P09,CC17,Synthetic Stretch,19833.0
FC21181,FY2026-P09,CC18,Synthetic Base,18060.0
FC21182,FY2026-P09,CC18,Synthetic Stretch,19866.0
FC22011,FY2026-P10,CC01,Synthetic Base,17670.0
FC22012,FY2026-P10,CC01,Synthetic Stretch,19437.0
FC22021,FY2026-P10,CC02,Synthetic Base,17700.0
FC22022,FY2026-P10,CC02,Synthetic Stretch,19470.0
FC22031,FY2026-P10,CC03,Synthetic Base,17730.0
FC22032,FY2026-P10,CC03,Synthetic Stretch,19503.0
FC22041,FY2026-P10,CC04,Synthetic Base,17760.0
FC22042,FY2026-P10,CC04,Synthetic Stretch,19536.0
FC22051,FY2026-P10,CC05,Synthetic Base,17790.0
FC22052,FY2026-P10,CC05,Synthetic Stretch,19569.0
FC22061,FY2026-P10,CC06,Synthetic Base,17820.0
FC22062,FY2026-P10,CC06,Synthetic Stretch,19602.0
FC22071,FY2026-P10,CC07,Synthetic Base,17850.0
FC22072,FY2026-P10,CC07,Synthetic Stretch,19635.0
FC22081,FY2026-P10,CC08,Synthetic Base,17880.0
FC22082,FY2026-P10,CC08,Synthetic Stretch,19668.0
FC22091,FY2026-P10,CC09,Synthetic Base,17910.0
FC22092,FY2026-P10,CC09,Synthetic Stretch,19701.0
FC22101,FY2026-P10,CC10,Synthetic Base,17940.0
FC22102,FY2026-P10,CC10,Synthetic Stretch,19734.0
FC22111,FY2026-P10,CC11,Synthetic Base,17970.0
FC22112,FY2026-P10,CC11,Synthetic Stretch,19767.0
FC22121,FY2026-P10,CC12,Synthetic Base,18000.0
FC22122,FY2026-P10,CC12,Synthetic Stretch,19800.0
FC22131,FY2026-P10,CC13,Synthetic Base,18030.0
FC22132,FY2026-P10,CC13,Synthetic Stretch,19833.0
FC22141,FY2026-P10,CC14,Synthetic Base,18060.0
FC22142,FY2026-P10,CC14,Synthetic Stretch,19866.0
FC22151,FY2026-P10,CC15,Synthetic Base,18090.0
FC22152,FY2026-P10,CC15,Synthetic Stretch,19899.0
FC22161,FY2026-P10,CC16,Synthetic Base,18120.0
FC22162,FY2026-P10,CC16,Synthetic Stretch,19932.0
FC22171,FY2026-P10,CC17,Synthetic Base,18150.0
FC22172,FY2026-P10,CC17,Synthetic Stretch,19965.0
FC22181,FY2026-P10,CC18,Synthetic Base,18180.0
FC22182,FY2026-P10,CC18,Synthetic Stretch,19998.0
FC23011,FY2026-P11,CC01,Synthetic Base,17790.0
FC23012,FY2026-P11,CC01,Synthetic Stretch,19569.0
FC23021,FY2026-P11,CC02,Synthetic Base,17820.0
FC23022,FY2026-P11,CC02,Synthetic Stretch,19602.0
FC23031,FY2026-P11,CC03,Synthetic Base,17850.0
FC23032,FY2026-P11,CC03,Synthetic Stretch,19635.0
FC23041,FY2026-P11,CC04,Synthetic Base,17880.0
FC23042,FY2026-P11,CC04,Synthetic Stretch,19668.0
FC23051,FY2026-P11,CC05,Synthetic Base,17910.0
FC23052,FY2026-P11,CC05,Synthetic Stretch,19701.0
FC23061,FY2026-P11,CC06,Synthetic Base,17940.0
FC23062,FY2026-P11,CC06,Synthetic Stretch,19734.0
FC23071,FY2026-P11,CC07,Synthetic Base,17970.0
FC23072,FY2026-P11,CC07,Synthetic Stretch,19767.0
FC23081,FY2026-P11,CC08,Synthetic Base,18000.0
FC23082,FY2026-P11,CC08,Synthetic Stretch,19800.0
FC23091,FY2026-P11,CC09,Synthetic Base,18030.0
FC23092,FY2026-P11,CC09,Synthetic Stretch,19833.0
FC23101,FY2026-P11,CC10,Synthetic Base,18060.0
FC23102,FY2026-P11,CC10,Synthetic Stretch,19866.0
FC23111,FY2026-P11,CC11,Synthetic Base,18090.0
FC23112,FY2026-P11,CC11,Synthetic Stretch,19899.0
FC23121,FY2026-P11,CC12,Synthetic Base,18120.0
FC23122,FY2026-P11,CC12,Synthetic Stretch,19932.0
FC23131,FY2026-P11,CC13,Synthetic Base,18150.0
FC23132,FY2026-P11,CC13,Synthetic Stretch,19965.0
FC23141,FY2026-P11,CC14,Synthetic Base,18180.0
FC23142,FY2026-P11,CC14,Synthetic Stretch,19998.0
FC23151,FY2026-P11,CC15,Synthetic Base,18210.0
FC23152,FY2026-P11,CC15,Synthetic Stretch,20031.0
FC23161,FY2026-P11,CC16,Synthetic Base,18240.0
FC23162,FY2026-P11,CC16,Synthetic Stretch,20064.0
FC23171,FY2026-P11,CC17,Synthetic Base,18270.0
FC23172,FY2026-P11,CC17,Synthetic Stretch,20097.0
FC23181,FY2026-P11,CC18,Synthetic Base,18300.0
FC23182,FY2026-P11,CC18,Synthetic Stretch,20130.0
FC24011,FY2026-P12,CC01,Synthetic Base,17910.0
FC24012,FY2026-P12,CC01,Synthetic Stretch,19701.0
FC24021,FY2026-P12,CC02,Synthetic Base,17940.0
FC24022,FY2026-P12,CC02,Synthetic Stretch,19734.0
FC24031,FY2026-P12,CC03,Synthetic Base,17970.0
FC24032,FY2026-P12,CC03,Synthetic Stretch,19767.0
FC24041,FY2026-P12,CC04,Synthetic Base,18000.0
FC24042,FY2026-P12,CC04,Synthetic Stretch,19800.0
FC24051,FY2026-P12,CC05,Synthetic Base,18030.0
FC24052,FY2026-P12,CC05,Synthetic Stretch,19833.0
FC24061,FY2026-P12,CC06,Synthetic Base,18060.0
FC24062,FY2026-P12,CC06,Synthetic Stretch,19866.0
FC24071,FY2026-P12,CC07,Synthetic Base,18090.0
FC24072,FY2026-P12,CC07,Synthetic Stretch,19899.0
FC24081,FY2026-P12,CC08,Synthetic Base,18120.0
FC24082,FY2026-P12,CC08,Synthetic Stretch,19932.0
FC24091,FY2026-P12,CC09,Synthetic Base,18150.0
FC24092,FY2026-P12,CC09,Synthetic Stretch,19965.0
FC24101,FY2026-P12,CC10,Synthetic Base,18180.0
FC24102,FY2026-P12,CC10,Synthetic Stretch,19998.0
FC24111,FY2026-P12,CC11,Synthetic Base,18210.0
FC24112,FY2026-P12,CC11,Synthetic Stretch,20031.0
FC24121,FY2026-P12,CC12,Synthetic Base,18240.0
FC24122,FY2026-P12,CC12,Synthetic Stretch,20064.0
FC24131,FY2026-P12,CC13,Synthetic Base,18270.0
FC24132,FY2026-P12,CC13,Synthetic Stretch,20097.0
FC24141,FY2026-P12,CC14,Synthetic Base,18300.0
FC24142,FY2026-P12,CC14,Synthetic Stretch,20130.0
FC24151,FY2026-P12,CC15,Synthetic Base,18330.0
FC24152,FY2026-P12,CC15,Synthetic Stretch,20163.0
FC24161,FY2026-P12,CC16,Synthetic Base,18360.0
FC24162,FY2026-P12,CC16,Synthetic Stretch,20196.0
FC24171,FY2026-P12,CC17,Synthetic Base,18390.0
FC24172,FY2026-P12,CC17,Synthetic Stretch,20229.0
FC24181,FY2026-P12,CC18,Synthetic Base,18420.0
FC24182,FY2026-P12,CC18,Synthetic Stretch,20262.0
