"CompensationSnapshotId","EmployeeId","FiscalPeriodId","PayGradeId","CompensationComponentId","AnnualizedAmount","Fte"
"CS001","E001","FY2025-P12","PG01","CCMP01","63200","1"
"CS002","E002","FY2025-P12","PG01","CCMP01","63900","1"
"CS003","E003","FY2025-P12","PG01","CCMP01","64600","1"
"CS004","E004","FY2025-P12","PG01","CCMP01","65300","1"
"CS005","E005","FY2025-P12","PG01","CCMP01","66000","1"
"CS006","E006","FY2025-P12","PG01","CCMP01","66700","1"
"CS007","E007","FY2025-P12","PG01","CCMP01","67400","1"
"CS008","E008","FY2025-P12","PG01","CCMP01","68100","1"
"CS009","E009","FY2025-P12","PG01","CCMP01","68800","1"
"CS010","E010","FY2025-P12","PG01","CCMP01","69500","1"
"CS011","E011","FY2025-P12","PG01","CCMP01","70200","1"
"CS012","E012","FY2025-P12","PG01","CCMP01","62500","1"
"CS013","E013","FY2025-P12","PG01","CCMP01","63200","1"
"CS014","E014","FY2025-P12","PG01","CCMP01","63900","1"
"CS015","E015","FY2025-P12","PG01","CCMP01","64600","1"
"CS016","E016","FY2025-P12","PG01","CCMP01","65300","1"
"CS017","E017","FY2025-P12","PG01","CCMP01","66000","1"
"CS018","E018","FY2025-P12","PG01","CCMP01","66700","1"
"CS019","E019","FY2025-P12","PG01","CCMP01","67400","1"
"CS020","E020","FY2025-P12","PG01","CCMP01","68100","1"
"CS021","E021","FY2025-P12","PG01","CCMP01","68800","1"
"CS022","E022","FY2025-P12","PG01","CCMP01","69500","1"
"CS023","E023","FY2025-P12","PG01","CCMP01","70200","1"
"CS024","E024","FY2025-P12","PG01","CCMP01","62500","1"
"CS025","E025","FY2025-P12","PG02","CCMP01","77700","1"
"CS026","E026","FY2025-P12","PG02","CCMP01","78400","1"
"CS027","E027","FY2025-P12","PG02","CCMP01","79100","1"
"CS028","E028","FY2025-P12","PG02","CCMP01","79800","1"
"CS029","E029","FY2025-P12","PG02","CCMP01","80500","1"
"CS030","E030","FY2025-P12","PG02","CCMP01","81200","1"
"CS031","E031","FY2025-P12","PG02","CCMP01","81900","1"
"CS032","E032","FY2025-P12","PG02","CCMP01","82600","1"
"CS033","E033","FY2025-P12","PG02","CCMP01","83300","1"
"CS034","E034","FY2025-P12","PG02","CCMP01","84000","1"
"CS035","E035","FY2025-P12","PG02","CCMP01","84700","1"
"CS036","E036","FY2025-P12","PG02","CCMP01","77000","1"
"CS037","E037","FY2025-P12","PG02","CCMP01","77700","1"
"CS038","E038","FY2025-P12","PG02","CCMP01","78400","1"
"CS039","E039","FY2025-P12","PG02","CCMP01","79100","1"
"CS040","E040","FY2025-P12","PG02","CCMP01","79800","1"
"CS041","E041","FY2025-P12","PG02","CCMP01","80500","1"
"CS042","E042","FY2025-P12","PG02","CCMP01","81200","1"
"CS043","E043","FY2025-P12","PG02","CCMP01","81900","1"
"CS044","E044","FY2025-P12","PG02","CCMP01","82600","1"
"CS045","E045","FY2025-P12","PG02","CCMP01","83300","1"
"CS046","E046","FY2025-P12","PG02","CCMP01","84000","1"
"CS047","E047","FY2025-P12","PG02","CCMP01","84700","1"
"CS048","E048","FY2025-P12","PG02","CCMP01","77000","1"
"CS049","E049","FY2025-P12","PG03","CCMP01","92200","1"
"CS050","E050","FY2025-P12","PG03","CCMP01","92900","1"
"CS051","E051","FY2025-P12","PG03","CCMP01","93600","1"
"CS052","E052","FY2025-P12","PG03","CCMP01","94300","1"
"CS053","E053","FY2025-P12","PG03","CCMP01","95000","1"
"CS054","E054","FY2025-P12","PG03","CCMP01","95700","1"
"CS055","E055","FY2025-P12","PG03","CCMP01","96400","1"
"CS056","E056","FY2025-P12","PG03","CCMP01","97100","1"
"CS057","E057","FY2025-P12","PG03","CCMP01","97800","1"
"CS058","E058","FY2025-P12","PG03","CCMP01","98500","1"
"CS059","E059","FY2025-P12","PG03","CCMP01","99200","1"
"CS060","E060","FY2025-P12","PG03","CCMP01","91500","1"
"CS061","E061","FY2025-P12","PG03","CCMP01","92200","1"
"CS062","E062","FY2025-P12","PG03","CCMP01","92900","1"
"CS063","E063","FY2025-P12","PG03","CCMP01","93600","1"
"CS064","E064","FY2025-P12","PG03","CCMP01","94300","1"
"CS065","E065","FY2025-P12","PG03","CCMP01","95000","1"
"CS066","E066","FY2025-P12","PG03","CCMP01","95700","1"
"CS067","E067","FY2025-P12","PG03","CCMP01","96400","1"
"CS068","E068","FY2025-P12","PG03","CCMP01","97100","1"
"CS069","E069","FY2025-P12","PG03","CCMP01","97800","1"
"CS070","E070","FY2025-P12","PG03","CCMP01","98500","1"
"CS071","E071","FY2025-P12","PG03","CCMP01","99200","1"
"CS072","E072","FY2025-P12","PG03","CCMP01","91500","1"
"CS073","E073","FY2025-P12","PG04","CCMP01","106700","1"
"CS074","E074","FY2025-P12","PG04","CCMP01","107400","1"
"CS075","E075","FY2025-P12","PG04","CCMP01","108100","1"
"CS076","E076","FY2025-P12","PG04","CCMP01","108800","1"
"CS077","E077","FY2025-P12","PG04","CCMP01","109500","1"
"CS078","E078","FY2025-P12","PG04","CCMP01","110200","1"
"CS079","E079","FY2025-P12","PG04","CCMP01","110900","1"
"CS080","E080","FY2025-P12","PG04","CCMP01","111600","1"
"CS081","E081","FY2025-P12","PG04","CCMP01","112300","1"
"CS082","E082","FY2025-P12","PG04","CCMP01","113000","1"
"CS083","E083","FY2025-P12","PG04","CCMP01","113700","1"
"CS084","E084","FY2025-P12","PG04","CCMP01","106000","1"
"CS085","E085","FY2025-P12","PG04","CCMP01","106700","1"
"CS086","E086","FY2025-P12","PG04","CCMP01","107400","1"
"CS087","E087","FY2025-P12","PG04","CCMP01","108100","1"
"CS088","E088","FY2025-P12","PG04","CCMP01","108800","1"
"CS089","E089","FY2025-P12","PG04","CCMP01","109500","1"
"CS090","E090","FY2025-P12","PG04","CCMP01","110200","1"
"CS091","E091","FY2025-P12","PG04","CCMP01","110900","1"
"CS092","E092","FY2025-P12","PG04","CCMP01","111600","1"
"CS093","E093","FY2025-P12","PG04","CCMP01","112300","1"
"CS094","E094","FY2025-P12","PG04","CCMP01","113000","1"
"CS095","E095","FY2025-P12","PG04","CCMP01","113700","1"
"CS096","E096","FY2025-P12","PG04","CCMP01","106000","1"
"CS097","E097","FY2025-P12","PG05","CCMP01","121200","1"
"CS098","E098","FY2025-P12","PG05","CCMP01","121900","1"
"CS099","E099","FY2025-P12","PG05","CCMP01","122600","1"
"CS100","E100","FY2025-P12","PG05","CCMP01","123300","1"
"CS101","E101","FY2025-P12","PG05","CCMP01","124000","1"
"CS102","E102","FY2025-P12","PG05","CCMP01","124700","1"
"CS103","E103","FY2025-P12","PG05","CCMP01","125400","1"
"CS104","E104","FY2025-P12","PG05","CCMP01","126100","1"
"CS105","E105","FY2025-P12","PG05","CCMP01","126800","1"
"CS106","E106","FY2025-P12","PG05","CCMP01","127500","1"
"CS107","E107","FY2025-P12","PG05","CCMP01","128200","1"
"CS108","E108","FY2025-P12","PG05","CCMP01","120500","1"
"CS109","E109","FY2025-P12","PG05","CCMP01","121200","1"
"CS110","E110","FY2025-P12","PG05","CCMP01","121900","1"
"CS111","E111","FY2025-P12","PG05","CCMP01","122600","1"
"CS112","E112","FY2025-P12","PG05","CCMP01","123300","1"
"CS113","E113","FY2025-P12","PG05","CCMP01","124000","1"
"CS114","E114","FY2025-P12","PG05","CCMP01","124700","1"
"CS115","E115","FY2025-P12","PG05","CCMP01","125400","1"
"CS116","E116","FY2025-P12","PG05","CCMP01","126100","1"
"CS117","E117","FY2025-P12","PG05","CCMP01","126800","1"
"CS118","E118","FY2025-P12","PG05","CCMP01","127500","1"
"CS119","E119","FY2025-P12","PG05","CCMP01","128200","1"
"CS120","E120","FY2025-P12","PG05","CCMP01","120500","1"
