SnapshotId,FiscalPeriodId,DepartmentId,Headcount,Fte,OpenPositions
HS0101,FY2025-P01,DP01,6.0,6.0,3.0
HS0102,FY2025-P01,DP02,7.0,7.0,1.0
HS0103,FY2025-P01,DP03,8.0,8.0,2.0
HS0104,FY2025-P01,DP04,4.0,4.0,3.0
HS0105,FY2025-P01,DP05,5.0,5.0,1.0
HS0106,FY2025-P01,DP06,6.0,6.0,2.0
HS0107,FY2025-P01,DP07,7.0,7.0,3.0
HS0108,FY2025-P01,DP08,8.0,8.0,1.0
HS0109,FY2025-P01,DP09,4.0,4.0,2.0
HS0110,FY2025-P01,DP10,5.0,5.0,3.0
HS0111,FY2025-P01,DP11,6.0,6.0,1.0
HS0112,FY2025-P01,DP12,7.0,7.0,2.0
HS0113,FY2025-P01,DP13,8.0,8.0,3.0
HS0114,FY2025-P01,DP14,4.0,4.0,1.0
HS0115,FY2025-P01,DP15,5.0,5.0,2.0
HS0116,FY2025-P01,DP16,6.0,6.0,3.0
HS0117,FY2025-P01,DP17,7.0,7.0,1.0
HS0118,FY2025-P01,DP18,8.0,8.0,2.0
HS0119,FY2025-P01,DP19,4.0,4.0,3.0
HS0120,FY2025-P01,DP20,5.0,5.0,1.0
HS0121,FY2025-P01,DP21,6.0,6.0,2.0
HS0122,FY2025-P01,DP22,7.0,7.0,3.0
HS0123,FY2025-P01,DP23,8.0,8.0,1.0
HS0124,FY2025-P01,DP24,4.0,4.0,2.0
HS0201,FY2025-P02,DP01,7.0,7.0,1.0
HS0202,FY2025-P02,DP02,8.0,8.0,2.0
HS0203,FY2025-P02,DP03,4.0,4.0,3.0
HS0204,FY2025-P02,DP04,5.0,5.0,1.0
HS0205,FY2025-P02,DP05,6.0,6.0,2.0
HS0206,FY2025-P02,DP06,7.0,7.0,3.0
HS0207,FY2025-P02,DP07,8.0,8.0,1.0
HS0208,FY2025-P02,DP08,4.0,4.0,2.0
HS0209,FY2025-P02,DP09,5.0,5.0,3.0
HS0210,FY2025-P02,DP10,6.0,6.0,1.0
HS0211,FY2025-P02,DP11,7.0,7.0,2.0
HS0212,FY2025-P02,DP12,8.0,8.0,3.0
HS0213,FY2025-P02,DP13,4.0,4.0,1.0
HS0214,FY2025-P02,DP14,5.0,5.0,2.0
HS0215,FY2025-P02,DP15,6.0,6.0,3.0
HS0216,FY2025-P02,DP16,7.0,7.0,1.0
HS0217,FY2025-P02,DP17,8.0,8.0,2.0
HS0218,FY2025-P02,DP18,4.0,4.0,3.0
HS0219,FY2025-P02,DP19,5.0,5.0,1.0
HS0220,FY2025-P02,DP20,6.0,6.0,2.0
HS0221,FY2025-P02,DP21,7.0,7.0,3.0
HS0222,FY2025-P02,DP22,8.0,8.0,1.0
HS0223,FY2025-P02,DP23,4.0,4.0,2.0
HS0224,FY2025-P02,DP24,5.0,5.0,3.0
HS0301,FY2025-P03,DP01,8.0,8.0,2.0
HS0302,FY2025-P03,DP02,4.0,4.0,3.0
HS0303,FY2025-P03,DP03,5.0,5.0,1.0
HS0304,FY2025-P03,DP04,6.0,6.0,2.0
HS0305,FY2025-P03,DP05,7.0,7.0,3.0
HS0306,FY2025-P03,DP06,8.0,8.0,1.0
HS0307,FY2025-P03,DP07,4.0,4.0,2.0
HS0308,FY2025-P03,DP08,5.0,5.0,3.0
HS0309,FY2025-P03,DP09,6.0,6.0,1.0
HS0310,FY2025-P03,DP10,7.0,7.0,2.0
HS0311,FY2025-P03,DP11,8.0,8.0,3.0
HS0312,FY2025-P03,DP12,4.0,4.0,1.0
HS0313,FY2025-P03,DP13,5.0,5.0,2.0
HS0314,FY2025-P03,DP14,6.0,6.0,3.0
HS0315,FY2025-P03,DP15,7.0,7.0,1.0
HS0316,FY2025-P03,DP16,8.0,8.0,2.0
HS0317,FY2025-P03,DP17,4.0,4.0,3.0
HS0318,FY2025-P03,DP18,5.0,5.0,1.0
HS0319,FY2025-P03,DP19,6.0,6.0,2.0
HS0320,FY2025-P03,DP20,7.0,7.0,3.0
HS0321,FY2025-P03,DP21,8.0,8.0,1.0
HS0322,FY2025-P03,DP22,4.0,4.0,2.0
HS0323,FY2025-P03,DP23,5.0,5.0,3.0
HS0324,FY2025-P03,DP24,6.0,6.0,1.0
HS0401,FY2025-P04,DP01,4.0,4.0,3.0
HS0402,FY2025-P04,DP02,5.0,5.0,1.0
HS0403,FY2025-P04,DP03,6.0,6.0,2.0
HS0404,FY2025-P04,DP04,7.0,7.0,3.0
HS0405,FY2025-P04,DP05,8.0,8.0,1.0
HS0406,FY2025-P04,DP06,4.0,4.0,2.0
HS0407,FY2025-P04,DP07,5.0,5.0,3.0
HS0408,FY2025-P04,DP08,6.0,6.0,1.0
HS0409,FY2025-P04,DP09,7.0,7.0,2.0
HS0410,FY2025-P04,DP10,8.0,8.0,3.0
HS0411,FY2025-P04,DP11,4.0,4.0,1.0
HS0412,FY2025-P04,DP12,5.0,5.0,2.0
HS0413,FY2025-P04,DP13,6.0,6.0,3.0
HS0414,FY2025-P04,DP14,7.0,7.0,1.0
HS0415,FY2025-P04,DP15,8.0,8.0,2.0
HS0416,FY2025-P04,DP16,4.0,4.0,3.0
HS0417,FY2025-P04,DP17,5.0,5.0,1.0
HS0418,FY2025-P04,DP18,6.0,6.0,2.0
HS0419,FY2025-P04,DP19,7.0,7.0,3.0
HS0420,FY2025-P04,DP20,8.0,8.0,1.0
HS0421,FY2025-P04,DP21,4.0,4.0,2.0
HS0422,FY2025-P04,DP22,5.0,5.0,3.0
HS0423,FY2025-P04,DP23,6.0,6.0,1.0
HS0424,FY2025-P04,DP24,7.0,7.0,2.0
HS0501,FY2025-P05,DP01,5.0,5.0,1.0
HS0502,FY2025-P05,DP02,6.0,6.0,2.0
HS0503,FY2025-P05,DP03,7.0,7.0,3.0
HS0504,FY2025-P05,DP04,8.0,8.0,1.0
HS0505,FY2025-P05,DP05,4.0,4.0,2.0
HS0506,FY2025-P05,DP06,5.0,5.0,3.0
HS0507,FY2025-P05,DP07,6.0,6.0,1.0
HS0508,FY2025-P05,DP08,7.0,7.0,2.0
HS0509,FY2025-P05,DP09,8.0,8.0,3.0
HS0510,FY2025-P05,DP10,4.0,4.0,1.0
HS0511,FY2025-P05,DP11,5.0,5.0,2.0
HS0512,FY2025-P05,DP12,6.0,6.0,3.0
HS0513,FY2025-P05,DP13,7.0,7.0,1.0
HS0514,FY2025-P05,DP14,8.0,8.0,2.0
HS0515,FY2025-P05,DP15,4.0,4.0,3.0
HS0516,FY2025-P05,DP16,5.0,5.0,1.0
HS0517,FY2025-P05,DP17,6.0,6.0,2.0
HS0518,FY2025-P05,DP18,7.0,7.0,3.0
HS0519,FY2025-P05,DP19,8.0,8.0,1.0
HS0520,FY2025-P05,DP20,4.0,4.0,2.0
HS0521,FY2025-P05,DP21,5.0,5.0,3.0
HS0522,FY2025-P05,DP22,6.0,6.0,1.0
HS0523,FY2025-P05,DP23,7.0,7.0,2.0
HS0524,FY2025-P05,DP24,8.0,8.0,3.0
HS0601,FY2025-P06,DP01,6.0,6.0,2.0
HS0602,FY2025-P06,DP02,7.0,7.0,3.0
HS0603,FY2025-P06,DP03,8.0,8.0,1.0
HS0604,FY2025-P06,DP04,4.0,4.0,2.0
HS0605,FY2025-P06,DP05,5.0,5.0,3.0
HS0606,FY2025-P06,DP06,6.0,6.0,1.0
HS0607,FY2025-P06,DP07,7.0,7.0,2.0
HS0608,FY2025-P06,DP08,8.0,8.0,3.0
HS0609,FY2025-P06,DP09,4.0,4.0,1.0
HS0610,FY2025-P06,DP10,5.0,5.0,2.0
HS0611,FY2025-P06,DP11,6.0,6.0,3.0
HS0612,FY2025-P06,DP12,7.0,7.0,1.0
HS0613,FY2025-P06,DP13,8.0,8.0,2.0
HS0614,FY2025-P06,DP14,4.0,4.0,3.0
HS0615,FY2025-P06,DP15,5.0,5.0,1.0
HS0616,FY2025-P06,DP16,6.0,6.0,2.0
HS0617,FY2025-P06,DP17,7.0,7.0,3.0
HS0618,FY2025-P06,DP18,8.0,8.0,1.0
HS0619,FY2025-P06,DP19,4.0,4.0,2.0
HS0620,FY2025-P06,DP20,5.0,5.0,3.0
HS0621,FY2025-P06,DP21,6.0,6.0,1.0
HS0622,FY2025-P06,DP22,7.0,7.0,2.0
HS0623,FY2025-P06,DP23,8.0,8.0,3.0
HS0624,FY2025-P06,DP24,4.0,4.0,1.0
HS0701,FY2025-P07,DP01,7.0,7.0,3.0
HS0702,FY2025-P07,DP02,8.0,8.0,1.0
HS0703,FY2025-P07,DP03,4.0,4.0,2.0
HS0704,FY2025-P07,DP04,5.0,5.0,3.0
HS0705,FY2025-P07,DP05,6.0,6.0,1.0
HS0706,FY2025-P07,DP06,7.0,7.0,2.0
HS0707,FY2025-P07,DP07,8.0,8.0,3.0
HS0708,FY2025-P07,DP08,4.0,4.0,1.0
HS0709,FY2025-P07,DP09,5.0,5.0,2.0
HS0710,FY2025-P07,DP10,6.0,6.0,3.0
HS0711,FY2025-P07,DP11,7.0,7.0,1.0
HS0712,FY2025-P07,DP12,8.0,8.0,2.0
HS0713,FY2025-P07,DP13,4.0,4.0,3.0
HS0714,FY2025-P07,DP14,5.0,5.0,1.0
HS0715,FY2025-P07,DP15,6.0,6.0,2.0
HS0716,FY2025-P07,DP16,7.0,7.0,3.0
HS0717,FY2025-P07,DP17,8.0,8.0,1.0
HS0718,FY2025-P07,DP18,4.0,4.0,2.0
HS0719,FY2025-P07,DP19,5.0,5.0,3.0
HS0720,FY2025-P07,DP20,6.0,6.0,1.0
HS0721,FY2025-P07,DP21,7.0,7.0,2.0
HS0722,FY2025-P07,DP22,8.0,8.0,3.0
HS0723,FY2025-P07,DP23,4.0,4.0,1.0
HS0724,FY2025-P07,DP24,5.0,5.0,2.0
HS0801,FY2025-P08,DP01,8.0,8.0,1.0
HS0802,FY2025-P08,DP02,4.0,4.0,2.0
HS0803,FY2025-P08,DP03,5.0,5.0,3.0
HS0804,FY2025-P08,DP04,6.0,6.0,1.0
HS0805,FY2025-P08,DP05,7.0,7.0,2.0
HS0806,FY2025-P08,DP06,8.0,8.0,3.0
HS0807,FY2025-P08,DP07,4.0,4.0,1.0
HS0808,FY2025-P08,DP08,5.0,5.0,2.0
HS0809,FY2025-P08,DP09,6.0,6.0,3.0
HS0810,FY2025-P08,DP10,7.0,7.0,1.0
HS0811,FY2025-P08,DP11,8.0,8.0,2.0
HS0812,FY2025-P08,DP12,4.0,4.0,3.0
HS0813,FY2025-P08,DP13,5.0,5.0,1.0
HS0814,FY2025-P08,DP14,6.0,6.0,2.0
HS0815,FY2025-P08,DP15,7.0,7.0,3.0
HS0816,FY2025-P08,DP16,8.0,8.0,1.0
HS0817,FY2025-P08,DP17,4.0,4.0,2.0
HS0818,FY2025-P08,DP18,5.0,5.0,3.0
HS0819,FY2025-P08,DP19,6.0,6.0,1.0
HS0820,FY2025-P08,DP20,7.0,7.0,2.0
HS0821,FY2025-P08,DP21,8.0,8.0,3.0
HS0822,FY2025-P08,DP22,4.0,4.0,1.0
HS0823,FY2025-P08,DP23,5.0,5.0,2.0
HS0824,FY2025-P08,DP24,6.0,6.0,3.0
HS0901,FY2025-P09,DP01,4.0,4.0,2.0
HS0902,FY2025-P09,DP02,5.0,5.0,3.0
HS0903,FY2025-P09,DP03,6.0,6.0,1.0
HS0904,FY2025-P09,DP04,7.0,7.0,2.0
HS0905,FY2025-P09,DP05,8.0,8.0,3.0
HS0906,FY2025-P09,DP06,4.0,4.0,1.0
HS0907,FY2025-P09,DP07,5.0,5.0,2.0
HS0908,FY2025-P09,DP08,6.0,6.0,3.0
HS0909,FY2025-P09,DP09,7.0,7.0,1.0
HS0910,FY2025-P09,DP10,8.0,8.0,2.0
HS0911,FY2025-P09,DP11,4.0,4.0,3.0
HS0912,FY2025-P09,DP12,5.0,5.0,1.0
HS0913,FY2025-P09,DP13,6.0,6.0,2.0
HS0914,FY2025-P09,DP14,7.0,7.0,3.0
HS0915,FY2025-P09,DP15,8.0,8.0,1.0
HS0916,FY2025-P09,DP16,4.0,4.0,2.0
HS0917,FY2025-P09,DP17,5.0,5.0,3.0
HS0918,FY2025-P09,DP18,6.0,6.0,1.0
HS0919,FY2025-P09,DP19,7.0,7.0,2.0
HS0920,FY2025-P09,DP20,8.0,8.0,3.0
HS0921,FY2025-P09,DP21,4.0,4.0,1.0
HS0922,FY2025-P09,DP22,5.0,5.0,2.0
HS0923,FY2025-P09,DP23,6.0,6.0,3.0
HS0924,FY2025-P09,DP24,7.0,7.0,1.0
HS1001,FY2025-P10,DP01,5.0,5.0,3.0
HS1002,FY2025-P10,DP02,6.0,6.0,1.0
HS1003,FY2025-P10,DP03,7.0,7.0,2.0
HS1004,FY2025-P10,DP04,8.0,8.0,3.0
HS1005,FY2025-P10,DP05,4.0,4.0,1.0
HS1006,FY2025-P10,DP06,5.0,5.0,2.0
HS1007,FY2025-P10,DP07,6.0,6.0,3.0
HS1008,FY2025-P10,DP08,7.0,7.0,1.0
HS1009,FY2025-P10,DP09,8.0,8.0,2.0
HS1010,FY2025-P10,DP10,4.0,4.0,3.0
HS1011,FY2025-P10,DP11,5.0,5.0,1.0
HS1012,FY2025-P10,DP12,6.0,6.0,2.0
HS1013,FY2025-P10,DP13,7.0,7.0,3.0
HS1014,FY2025-P10,DP14,8.0,8.0,1.0
HS1015,FY2025-P10,DP15,4.0,4.0,2.0
HS1016,FY2025-P10,DP16,5.0,5.0,3.0
HS1017,FY2025-P10,DP17,6.0,6.0,1.0
HS1018,FY2025-P10,DP18,7.0,7.0,2.0
HS1019,FY2025-P10,DP19,8.0,8.0,3.0
HS1020,FY2025-P10,DP20,4.0,4.0,1.0
HS1021,FY2025-P10,DP21,5.0,5.0,2.0
HS1022,FY2025-P10,DP22,6.0,6.0,3.0
HS1023,FY2025-P10,DP23,7.0,7.0,1.0
HS1024,FY2025-P10,DP24,8.0,8.0,2.0
HS1101,FY2025-P11,DP01,6.0,6.0,1.0
HS1102,FY2025-P11,DP02,7.0,7.0,2.0
HS1103,FY2025-P11,DP03,8.0,8.0,3.0
HS1104,FY2025-P11,DP04,4.0,4.0,1.0
HS1105,FY2025-P11,DP05,5.0,5.0,2.0
HS1106,FY2025-P11,DP06,6.0,6.0,3.0
HS1107,FY2025-P11,DP07,7.0,7.0,1.0
HS1108,FY2025-P11,DP08,8.0,8.0,2.0
HS1109,FY2025-P11,DP09,4.0,4.0,3.0
HS1110,FY2025-P11,DP10,5.0,5.0,1.0
HS1111,FY2025-P11,DP11,6.0,6.0,2.0
HS1112,FY2025-P11,DP12,7.0,7.0,3.0
HS1113,FY2025-P11,DP13,8.0,8.0,1.0
HS1114,FY2025-P11,DP14,4.0,4.0,2.0
HS1115,FY2025-P11,DP15,5.0,5.0,3.0
HS1116,FY2025-P11,DP16,6.0,6.0,1.0
HS1117,FY2025-P11,DP17,7.0,7.0,2.0
HS1118,FY2025-P11,DP18,8.0,8.0,3.0
HS1119,FY2025-P11,DP19,4.0,4.0,1.0
HS1120,FY2025-P11,DP20,5.0,5.0,2.0
HS1121,FY2025-P11,DP21,6.0,6.0,3.0
HS1122,FY2025-P11,DP22,7.0,7.0,1.0
HS1123,FY2025-P11,DP23,8.0,8.0,2.0
HS1124,FY2025-P11,DP24,4.0,4.0,3.0
HS1201,FY2025-P12,DP01,7.0,7.0,2.0
HS1202,FY2025-P12,DP02,8.0,8.0,3.0
HS1203,FY2025-P12,DP03,4.0,4.0,1.0
HS1204,FY2025-P12,DP04,5.0,5.0,2.0
HS1205,FY2025-P12,DP05,6.0,6.0,3.0
HS1206,FY2025-P12,DP06,7.0,7.0,1.0
HS1207,FY2025-P12,DP07,8.0,8.0,2.0
HS1208,FY2025-P12,DP08,4.0,4.0,3.0
HS1209,FY2025-P12,DP09,5.0,5.0,1.0
HS1210,FY2025-P12,DP10,6.0,6.0,2.0
HS1211,FY2025-P12,DP11,7.0,7.0,3.0
HS1212,FY2025-P12,DP12,8.0,8.0,1.0
HS1213,FY2025-P12,DP13,4.0,4.0,2.0
HS1214,FY2025-P12,DP14,5.0,5.0,3.0
HS1215,FY2025-P12,DP15,6.0,6.0,1.0
HS1216,FY2025-P12,DP16,7.0,7.0,2.0
HS1217,FY2025-P12,DP17,8.0,8.0,3.0
HS1218,FY2025-P12,DP18,4.0,4.0,1.0
HS1219,FY2025-P12,DP19,5.0,5.0,2.0
HS1220,FY2025-P12,DP20,6.0,6.0,3.0
HS1221,FY2025-P12,DP21,7.0,7.0,1.0
HS1222,FY2025-P12,DP22,8.0,8.0,2.0
HS1223,FY2025-P12,DP23,4.0,4.0,3.0
HS1224,FY2025-P12,DP24,5.0,5.0,1.0
HS1301,FY2026-P01,DP01,8.0,8.0,3.0
HS1302,FY2026-P01,DP02,4.0,4.0,1.0
HS1303,FY2026-P01,DP03,5.0,5.0,2.0
HS1304,FY2026-P01,DP04,6.0,6.0,3.0
HS1305,FY2026-P01,DP05,7.0,7.0,1.0
HS1306,FY2026-P01,DP06,8.0,8.0,2.0
HS1307,FY2026-P01,DP07,4.0,4.0,3.0
HS1308,FY2026-P01,DP08,5.0,5.0,1.0
HS1309,FY2026-P01,DP09,6.0,6.0,2.0
HS1310,FY2026-P01,DP10,7.0,7.0,3.0
HS1311,FY2026-P01,DP11,8.0,8.0,1.0
HS1312,FY2026-P01,DP12,4.0,4.0,2.0
HS1313,FY2026-P01,DP13,5.0,5.0,3.0
HS1314,FY2026-P01,DP14,6.0,6.0,1.0
HS1315,FY2026-P01,DP15,7.0,7.0,2.0
HS1316,FY2026-P01,DP16,8.0,8.0,3.0
HS1317,FY2026-P01,DP17,4.0,4.0,1.0
HS1318,FY2026-P01,DP18,5.0,5.0,2.0
HS1319,FY2026-P01,DP19,6.0,6.0,3.0
HS1320,FY2026-P01,DP20,7.0,7.0,1.0
HS1321,FY2026-P01,DP21,8.0,8.0,2.0
HS1322,FY2026-P01,DP22,4.0,4.0,3.0
HS1323,FY2026-P01,DP23,5.0,5.0,1.0
HS1324,FY2026-P01,DP24,6.0,6.0,2.0
HS1401,FY2026-P02,DP01,4.0,4.0,1.0
HS1402,FY2026-P02,DP02,5.0,5.0,2.0
HS1403,FY2026-P02,DP03,6.0,6.0,3.0
HS1404,FY2026-P02,DP04,7.0,7.0,1.0
HS1405,FY2026-P02,DP05,8.0,8.0,2.0
HS1406,FY2026-P02,DP06,4.0,4.0,3.0
HS1407,FY2026-P02,DP07,5.0,5.0,1.0
HS1408,FY2026-P02,DP08,6.0,6.0,2.0
HS1409,FY2026-P02,DP09,7.0,7.0,3.0
HS1410,FY2026-P02,DP10,8.0,8.0,1.0
HS1411,FY2026-P02,DP11,4.0,4.0,2.0
HS1412,FY2026-P02,DP12,5.0,5.0,3.0
HS1413,FY2026-P02,DP13,6.0,6.0,1.0
HS1414,FY2026-P02,DP14,7.0,7.0,2.0
HS1415,FY2026-P02,DP15,8.0,8.0,3.0
HS1416,FY2026-P02,DP16,4.0,4.0,1.0
HS1417,FY2026-P02,DP17,5.0,5.0,2.0
HS1418,FY2026-P02,DP18,6.0,6.0,3.0
HS1419,FY2026-P02,DP19,7.0,7.0,1.0
HS1420,FY2026-P02,DP20,8.0,8.0,2.0
HS1421,FY2026-P02,DP21,4.0,4.0,3.0
HS1422,FY2026-P02,DP22,5.0,5.0,1.0
HS1423,FY2026-P02,DP23,6.0,6.0,2.0
HS1424,FY2026-P02,DP24,7.0,7.0,3.0
HS1501,FY2026-P03,DP01,5.0,5.0,2.0
HS1502,FY2026-P03,DP02,6.0,6.0,3.0
HS1503,FY2026-P03,DP03,7.0,7.0,1.0
HS1504,FY2026-P03,DP04,8.0,8.0,2.0
HS1505,FY2026-P03,DP05,4.0,4.0,3.0
HS1506,FY2026-P03,DP06,5.0,5.0,1.0
HS1507,FY2026-P03,DP07,6.0,6.0,2.0
HS1508,FY2026-P03,DP08,7.0,7.0,3.0
HS1509,FY2026-P03,DP09,8.0,8.0,1.0
HS1510,FY2026-P03,DP10,4.0,4.0,2.0
HS1511,FY2026-P03,DP11,5.0,5.0,3.0
HS1512,FY2026-P03,DP12,6.0,6.0,1.0
HS1513,FY2026-P03,DP13,7.0,7.0,2.0
HS1514,FY2026-P03,DP14,8.0,8.0,3.0
HS1515,FY2026-P03,DP15,4.0,4.0,1.0
HS1516,FY2026-P03,DP16,5.0,5.0,2.0
HS1517,FY2026-P03,DP17,6.0,6.0,3.0
HS1518,FY2026-P03,DP18,7.0,7.0,1.0
HS1519,FY2026-P03,DP19,8.0,8.0,2.0
HS1520,FY2026-P03,DP20,4.0,4.0,3.0
HS1521,FY2026-P03,DP21,5.0,5.0,1.0
HS1522,FY2026-P03,DP22,6.0,6.0,2.0
HS1523,FY2026-P03,DP23,7.0,7.0,3.0
HS1524,FY2026-P03,DP24,8.0,8.0,1.0
HS1601,FY2026-P04,DP01,6.0,6.0,3.0
HS1602,FY2026-P04,DP02,7.0,7.0,1.0
HS1603,FY2026-P04,DP03,8.0,8.0,2.0
HS1604,FY2026-P04,DP04,4.0,4.0,3.0
HS1605,FY2026-P04,DP05,5.0,5.0,1.0
HS1606,FY2026-P04,DP06,6.0,6.0,2.0
HS1607,FY2026-P04,DP07,7.0,7.0,3.0
HS1608,FY2026-P04,DP08,8.0,8.0,1.0
HS1609,FY2026-P04,DP09,4.0,4.0,2.0
HS1610,FY2026-P04,DP10,5.0,5.0,3.0
HS1611,FY2026-P04,DP11,6.0,6.0,1.0
HS1612,FY2026-P04,DP12,7.0,7.0,2.0
HS1613,FY2026-P04,DP13,8.0,8.0,3.0
HS1614,FY2026-P04,DP14,4.0,4.0,1.0
HS1615,FY2026-P04,DP15,5.0,5.0,2.0
HS1616,FY2026-P04,DP16,6.0,6.0,3.0
HS1617,FY2026-P04,DP17,7.0,7.0,1.0
HS1618,FY2026-P04,DP18,8.0,8.0,2.0
HS1619,FY2026-P04,DP19,4.0,4.0,3.0
HS1620,FY2026-P04,DP20,5.0,5.0,1.0
HS1621,FY2026-P04,DP21,6.0,6.0,2.0
HS1622,FY2026-P04,DP22,7.0,7.0,3.0
HS1623,FY2026-P04,DP23,8.0,8.0,1.0
HS1624,FY2026-P04,DP24,4.0,4.0,2.0
HS1701,FY2026-P05,DP01,7.0,7.0,1.0
HS1702,FY2026-P05,DP02,8.0,8.0,2.0
HS1703,FY2026-P05,DP03,4.0,4.0,3.0
HS1704,FY2026-P05,DP04,5.0,5.0,1.0
HS1705,FY2026-P05,DP05,6.0,6.0,2.0
HS1706,FY2026-P05,DP06,7.0,7.0,3.0
HS1707,FY2026-P05,DP07,8.0,8.0,1.0
HS1708,FY2026-P05,DP08,4.0,4.0,2.0
HS1709,FY2026-P05,DP09,5.0,5.0,3.0
HS1710,FY2026-P05,DP10,6.0,6.0,1.0
HS1711,FY2026-P05,DP11,7.0,7.0,2.0
HS1712,FY2026-P05,DP12,8.0,8.0,3.0
HS1713,FY2026-P05,DP13,4.0,4.0,1.0
HS1714,FY2026-P05,DP14,5.0,5.0,2.0
HS1715,FY2026-P05,DP15,6.0,6.0,3.0
HS1716,FY2026-P05,DP16,7.0,7.0,1.0
HS1717,FY2026-P05,DP17,8.0,8.0,2.0
HS1718,FY2026-P05,DP18,4.0,4.0,3.0
HS1719,FY2026-P05,DP19,5.0,5.0,1.0
HS1720,FY2026-P05,DP20,6.0,6.0,2.0
HS1721,FY2026-P05,DP21,7.0,7.0,3.0
HS1722,FY2026-P05,DP22,8.0,8.0,1.0
HS1723,FY2026-P05,DP23,4.0,4.0,2.0
HS1724,FY2026-P05,DP24,5.0,5.0,3.0
HS1801,FY2026-P06,DP01,8.0,8.0,2.0
HS1802,FY2026-P06,DP02,4.0,4.0,3.0
HS1803,FY2026-P06,DP03,5.0,5.0,1.0
HS1804,FY2026-P06,DP04,6.0,6.0,2.0
HS1805,FY2026-P06,DP05,7.0,7.0,3.0
HS1806,FY2026-P06,DP06,8.0,8.0,1.0
HS1807,FY2026-P06,DP07,4.0,4.0,2.0
HS1808,FY2026-P06,DP08,5.0,5.0,3.0
HS1809,FY2026-P06,DP09,6.0,6.0,1.0
HS1810,FY2026-P06,DP10,7.0,7.0,2.0
HS1811,FY2026-P06,DP11,8.0,8.0,3.0
HS1812,FY2026-P06,DP12,4.0,4.0,1.0
HS1813,FY2026-P06,DP13,5.0,5.0,2.0
HS1814,FY2026-P06,DP14,6.0,6.0,3.0
HS1815,FY2026-P06,DP15,7.0,7.0,1.0
HS1816,FY2026-P06,DP16,8.0,8.0,2.0
HS1817,FY2026-P06,DP17,4.0,4.0,3.0
HS1818,FY2026-P06,DP18,5.0,5.0,1.0
HS1819,FY2026-P06,DP19,6.0,6.0,2.0
HS1820,FY2026-P06,DP20,7.0,7.0,3.0
HS1821,FY2026-P06,DP21,8.0,8.0,1.0
HS1822,FY2026-P06,DP22,4.0,4.0,2.0
HS1823,FY2026-P06,DP23,5.0,5.0,3.0
HS1824,FY2026-P06,DP24,6.0,6.0,1.0
HS1901,FY2026-P07,DP01,4.0,4.0,3.0
HS1902,FY2026-P07,DP02,5.0,5.0,1.0
HS1903,FY2026-P07,DP03,6.0,6.0,2.0
HS1904,FY2026-P07,DP04,7.0,7.0,3.0
HS1905,FY2026-P07,DP05,8.0,8.0,1.0
HS1906,FY2026-P07,DP06,4.0,4.0,2.0
HS1907,FY2026-P07,DP07,5.0,5.0,3.0
HS1908,FY2026-P07,DP08,6.0,6.0,1.0
HS1909,FY2026-P07,DP09,7.0,7.0,2.0
HS1910,FY2026-P07,DP10,8.0,8.0,3.0
HS1911,FY2026-P07,DP11,4.0,4.0,1.0
HS1912,FY2026-P07,DP12,5.0,5.0,2.0
HS1913,FY2026-P07,DP13,6.0,6.0,3.0
HS1914,FY2026-P07,DP14,7.0,7.0,1.0
HS1915,FY2026-P07,DP15,8.0,8.0,2.0
HS1916,FY2026-P07,DP16,4.0,4.0,3.0
HS1917,FY2026-P07,DP17,5.0,5.0,1.0
HS1918,FY2026-P07,DP18,6.0,6.0,2.0
HS1919,FY2026-P07,DP19,7.0,7.0,3.0
HS1920,FY2026-P07,DP20,8.0,8.0,1.0
HS1921,FY2026-P07,DP21,4.0,4.0,2.0
HS1922,FY2026-P07,DP22,5.0,5.0,3.0
HS1923,FY2026-P07,DP23,6.0,6.0,1.0
HS1924,FY2026-P07,DP24,7.0,7.0,2.0
HS2001,FY2026-P08,DP01,5.0,5.0,1.0
HS2002,FY2026-P08,DP02,6.0,6.0,2.0
HS2003,FY2026-P08,DP03,7.0,7.0,3.0
HS2004,FY2026-P08,DP04,8.0,8.0,1.0
HS2005,FY2026-P08,DP05,4.0,4.0,2.0
HS2006,FY2026-P08,DP06,5.0,5.0,3.0
HS2007,FY2026-P08,DP07,6.0,6.0,1.0
HS2008,FY2026-P08,DP08,7.0,7.0,2.0
HS2009,FY2026-P08,DP09,8.0,8.0,3.0
HS2010,FY2026-P08,DP10,4.0,4.0,1.0
HS2011,FY2026-P08,DP11,5.0,5.0,2.0
HS2012,FY2026-P08,DP12,6.0,6.0,3.0
HS2013,FY2026-P08,DP13,7.0,7.0,1.0
HS2014,FY2026-P08,DP14,8.0,8.0,2.0
HS2015,FY2026-P08,DP15,4.0,4.0,3.0
HS2016,FY2026-P08,DP16,5.0,5.0,1.0
HS2017,FY2026-P08,DP17,6.0,6.0,2.0
HS2018,FY2026-P08,DP18,7.0,7.0,3.0
HS2019,FY2026-P08,DP19,8.0,8.0,1.0
HS2020,FY2026-P08,DP20,4.0,4.0,2.0
HS2021,FY2026-P08,DP21,5.0,5.0,3.0
HS2022,FY2026-P08,DP22,6.0,6.0,1.0
HS2023,FY2026-P08,DP23,7.0,7.0,2.0
HS2024,FY2026-P08,DP24,8.0,8.0,3.0
HS2101,FY2026-P09,DP01,6.0,6.0,2.0
HS2102,FY2026-P09,DP02,7.0,7.0,3.0
HS2103,FY2026-P09,DP03,8.0,8.0,1.0
HS2104,FY2026-P09,DP04,4.0,4.0,2.0
HS2105,FY2026-P09,DP05,5.0,5.0,3.0
HS2106,FY2026-P09,DP06,6.0,6.0,1.0
HS2107,FY2026-P09,DP07,7.0,7.0,2.0
HS2108,FY2026-P09,DP08,8.0,8.0,3.0
HS2109,FY2026-P09,DP09,4.0,4.0,1.0
HS2110,FY2026-P09,DP10,5.0,5.0,2.0
HS2111,FY2026-P09,DP11,6.0,6.0,3.0
HS2112,FY2026-P09,DP12,7.0,7.0,1.0
HS2113,FY2026-P09,DP13,8.0,8.0,2.0
HS2114,FY2026-P09,DP14,4.0,4.0,3.0
HS2115,FY2026-P09,DP15,5.0,5.0,1.0
HS2116,FY2026-P09,DP16,6.0,6.0,2.0
HS2117,FY2026-P09,DP17,7.0,7.0,3.0
HS2118,FY2026-P09,DP18,8.0,8.0,1.0
HS2119,FY2026-P09,DP19,4.0,4.0,2.0
HS2120,FY2026-P09,DP20,5.0,5.0,3.0
HS2121,FY2026-P09,DP21,6.0,6.0,1.0
HS2122,FY2026-P09,DP22,7.0,7.0,2.0
HS2123,FY2026-P09,DP23,8.0,8.0,3.0
HS2124,FY2026-P09,DP24,4.0,4.0,1.0
HS2201,FY2026-P10,DP01,7.0,7.0,3.0
HS2202,FY2026-P10,DP02,8.0,8.0,1.0
HS2203,FY2026-P10,DP03,4.0,4.0,2.0
HS2204,FY2026-P10,DP04,5.0,5.0,3.0
HS2205,FY2026-P10,DP05,6.0,6.0,1.0
HS2206,FY2026-P10,DP06,7.0,7.0,2.0
HS2207,FY2026-P10,DP07,8.0,8.0,3.0
HS2208,FY2026-P10,DP08,4.0,4.0,1.0
HS2209,FY2026-P10,DP09,5.0,5.0,2.0
HS2210,FY2026-P10,DP10,6.0,6.0,3.0
HS2211,FY2026-P10,DP11,7.0,7.0,1.0
HS2212,FY2026-P10,DP12,8.0,8.0,2.0
HS2213,FY2026-P10,DP13,4.0,4.0,3.0
HS2214,FY2026-P10,DP14,5.0,5.0,1.0
HS2215,FY2026-P10,DP15,6.0,6.0,2.0
HS2216,FY2026-P10,DP16,7.0,7.0,3.0
HS2217,FY2026-P10,DP17,8.0,8.0,1.0
HS2218,FY2026-P10,DP18,4.0,4.0,2.0
HS2219,FY2026-P10,DP19,5.0,5.0,3.0
HS2220,FY2026-P10,DP20,6.0,6.0,1.0
HS2221,FY2026-P10,DP21,7.0,7.0,2.0
HS2222,FY2026-P10,DP22,8.0,8.0,3.0
HS2223,FY2026-P10,DP23,4.0,4.0,1.0
HS2224,FY2026-P10,DP24,5.0,5.0,2.0
HS2301,FY2026-P11,DP01,8.0,8.0,1.0
HS2302,FY2026-P11,DP02,4.0,4.0,2.0
HS2303,FY2026-P11,DP03,5.0,5.0,3.0
HS2304,FY2026-P11,DP04,6.0,6.0,1.0
HS2305,FY2026-P11,DP05,7.0,7.0,2.0
HS2306,FY2026-P11,DP06,8.0,8.0,3.0
HS2307,FY2026-P11,DP07,4.0,4.0,1.0
HS2308,FY2026-P11,DP08,5.0,5.0,2.0
HS2309,FY2026-P11,DP09,6.0,6.0,3.0
HS2310,FY2026-P11,DP10,7.0,7.0,1.0
HS2311,FY2026-P11,DP11,8.0,8.0,2.0
HS2312,FY2026-P11,DP12,4.0,4.0,3.0
HS2313,FY2026-P11,DP13,5.0,5.0,1.0
HS2314,FY2026-P11,DP14,6.0,6.0,2.0
HS2315,FY2026-P11,DP15,7.0,7.0,3.0
HS2316,FY2026-P11,DP16,8.0,8.0,1.0
HS2317,FY2026-P11,DP17,4.0,4.0,2.0
HS2318,FY2026-P11,DP18,5.0,5.0,3.0
HS2319,FY2026-P11,DP19,6.0,6.0,1.0
HS2320,FY2026-P11,DP20,7.0,7.0,2.0
HS2321,FY2026-P11,DP21,8.0,8.0,3.0
HS2322,FY2026-P11,DP22,4.0,4.0,1.0
HS2323,FY2026-P11,DP23,5.0,5.0,2.0
HS2324,FY2026-P11,DP24,6.0,6.0,3.0
HS2401,FY2026-P12,DP01,4.0,4.0,2.0
HS2402,FY2026-P12,DP02,5.0,5.0,3.0
HS2403,FY2026-P12,DP03,6.0,6.0,1.0
HS2404,FY2026-P12,DP04,7.0,7.0,2.0
HS2405,FY2026-P12,DP05,8.0,8.0,3.0
HS2406,FY2026-P12,DP06,4.0,4.0,1.0
HS2407,FY2026-P12,DP07,5.0,5.0,2.0
HS2408,FY2026-P12,DP08,6.0,6.0,3.0
HS2409,FY2026-P12,DP09,7.0,7.0,1.0
HS2410,FY2026-P12,DP10,8.0,8.0,2.0
HS2411,FY2026-P12,DP11,4.0,4.0,3.0
HS2412,FY2026-P12,DP12,5.0,5.0,1.0
HS2413,FY2026-P12,DP13,6.0,6.0,2.0
HS2414,FY2026-P12,DP14,7.0,7.0,3.0
HS2415,FY2026-P12,DP15,8.0,8.0,1.0
HS2416,FY2026-P12,DP16,4.0,4.0,2.0
HS2417,FY2026-P12,DP17,5.0,5.0,3.0
HS2418,FY2026-P12,DP18,6.0,6.0,1.0
HS2419,FY2026-P12,DP19,7.0,7.0,2.0
HS2420,FY2026-P12,DP20,8.0,8.0,3.0
HS2421,FY2026-P12,DP21,4.0,4.0,1.0
HS2422,FY2026-P12,DP22,5.0,5.0,2.0
HS2423,FY2026-P12,DP23,6.0,6.0,3.0
HS2424,FY2026-P12,DP24,7.0,7.0,1.0
