TelemetryId,FiscalPeriodId,CostCenterId,MetricName,MetricValue,IsAnomaly
TM01011,FY2025-P01,CC01,Synthetic Utilization,52.0,Synthetic False
TM01012,FY2025-P01,CC01,Synthetic Throughput,103.0,Synthetic False
TM01021,FY2025-P01,CC02,Synthetic Utilization,53.0,Synthetic False
TM01022,FY2025-P01,CC02,Synthetic Throughput,104.0,Synthetic False
TM01031,FY2025-P01,CC03,Synthetic Utilization,54.0,Synthetic False
TM01032,FY2025-P01,CC03,Synthetic Throughput,105.0,Synthetic False
TM01041,FY2025-P01,CC04,Synthetic Utilization,55.0,Synthetic False
TM01042,FY2025-P01,CC04,Synthetic Throughput,106.0,Synthetic False
TM01051,FY2025-P01,CC05,Synthetic Utilization,56.0,Synthetic False
TM01052,FY2025-P01,CC05,Synthetic Throughput,107.0,Synthetic False
TM01061,FY2025-P01,CC06,Synthetic Utilization,57.0,Synthetic False
TM01062,FY2025-P01,CC06,Synthetic Throughput,108.0,Synthetic False
TM01071,FY2025-P01,CC07,Synthetic Utilization,58.0,Synthetic False
TM01072,FY2025-P01,CC07,Synthetic Throughput,109.0,Synthetic False
TM01081,FY2025-P01,CC08,Synthetic Utilization,59.0,Synthetic False
TM01082,FY2025-P01,CC08,Synthetic Throughput,110.0,Synthetic False
TM01091,FY2025-P01,CC09,Synthetic Utilization,60.0,Synthetic False
TM01092,FY2025-P01,CC09,Synthetic Throughput,111.0,Synthetic False
TM01101,FY2025-P01,CC10,Synthetic Utilization,61.0,Synthetic False
TM01102,FY2025-P01,CC10,Synthetic Throughput,112.0,Synthetic False
TM01111,FY2025-P01,CC11,Synthetic Utilization,62.0,Synthetic False
TM01112,FY2025-P01,CC11,Synthetic Throughput,113.0,Synthetic False
TM01121,FY2025-P01,CC12,Synthetic Utilization,63.0,Synthetic False
TM01122,FY2025-P01,CC12,Synthetic Throughput,114.0,Synthetic False
TM01131,FY2025-P01,CC13,Synthetic Utilization,64.0,Synthetic False
TM01132,FY2025-P01,CC13,Synthetic Throughput,115.0,Synthetic False
TM01141,FY2025-P01,CC14,Synthetic Utilization,65.0,Synthetic False
TM01142,FY2025-P01,CC14,Synthetic Throughput,116.0,Synthetic False
TM01151,FY2025-P01,CC15,Synthetic Utilization,66.0,Synthetic False
TM01152,FY2025-P01,CC15,Synthetic Throughput,117.0,Synthetic False
TM01161,FY2025-P01,CC16,Synthetic Utilization,67.0,Synthetic False
TM01162,FY2025-P01,CC16,Synthetic Throughput,118.0,Synthetic False
TM01171,FY2025-P01,CC17,Synthetic Utilization,68.0,Synthetic False
TM01172,FY2025-P01,CC17,Synthetic Throughput,119.0,Synthetic False
TM01181,FY2025-P01,CC18,Synthetic Utilization,69.0,Synthetic False
TM01182,FY2025-P01,CC18,Synthetic Throughput,120.0,Synthetic False
TM02011,FY2025-P02,CC01,Synthetic Utilization,53.0,Synthetic False
TM02012,FY2025-P02,CC01,Synthetic Throughput,105.0,Synthetic False
TM02021,FY2025-P02,CC02,Synthetic Utilization,54.0,Synthetic False
TM02022,FY2025-P02,CC02,Synthetic Throughput,106.0,Synthetic False
TM02031,FY2025-P02,CC03,Synthetic Utilization,55.0,Synthetic False
TM02032,FY2025-P02,CC03,Synthetic Throughput,107.0,Synthetic False
TM02041,FY2025-P02,CC04,Synthetic Utilization,56.0,Synthetic False
TM02042,FY2025-P02,CC04,Synthetic Throughput,108.0,Synthetic False
TM02051,FY2025-P02,CC05,Synthetic Utilization,57.0,Synthetic False
TM02052,FY2025-P02,CC05,Synthetic Throughput,109.0,Synthetic False
TM02061,FY2025-P02,CC06,Synthetic Utilization,58.0,Synthetic False
TM02062,FY2025-P02,CC06,Synthetic Throughput,110.0,Synthetic False
TM02071,FY2025-P02,CC07,Synthetic Utilization,59.0,Synthetic False
TM02072,FY2025-P02,CC07,Synthetic Throughput,111.0,Synthetic False
TM02081,FY2025-P02,CC08,Synthetic Utilization,60.0,Synthetic False
TM02082,FY2025-P02,CC08,Synthetic Throughput,112.0,Synthetic False
TM02091,FY2025-P02,CC09,Synthetic Utilization,61.0,Synthetic False
TM02092,FY2025-P02,CC09,Synthetic Throughput,113.0,Synthetic False
TM02101,FY2025-P02,CC10,Synthetic Utilization,62.0,Synthetic False
TM02102,FY2025-P02,CC10,Synthetic Throughput,114.0,Synthetic False
TM02111,FY2025-P02,CC11,Synthetic Utilization,63.0,Synthetic False
TM02112,FY2025-P02,CC11,Synthetic Throughput,115.0,Synthetic False
TM02121,FY2025-P02,CC12,Synthetic Utilization,64.0,Synthetic False
TM02122,FY2025-P02,CC12,Synthetic Throughput,116.0,Synthetic False
TM02131,FY2025-P02,CC13,Synthetic Utilization,65.0,Synthetic False
TM02132,FY2025-P02,CC13,Synthetic Throughput,117.0,Synthetic False
TM02141,FY2025-P02,CC14,Synthetic Utilization,66.0,Synthetic False
TM02142,FY2025-P02,CC14,Synthetic Throughput,118.0,Synthetic False
TM02151,FY2025-P02,CC15,Synthetic Utilization,67.0,Synthetic False
TM02152,FY2025-P02,CC15,Synthetic Throughput,119.0,Synthetic False
TM02161,FY2025-P02,CC16,Synthetic Utilization,68.0,Synthetic False
TM02162,FY2025-P02,CC16,Synthetic Throughput,120.0,Synthetic False
TM02171,FY2025-P02,CC17,Synthetic Utilization,69.0,Synthetic False
TM02172,FY2025-P02,CC17,Synthetic Throughput,121.0,Synthetic False
TM02181,FY2025-P02,CC18,Synthetic Utilization,70.0,Synthetic False
TM02182,FY2025-P02,CC18,Synthetic Throughput,122.0,Synthetic False
TM03011,FY2025-P03,CC01,Synthetic Utilization,54.0,Synthetic False
TM03012,FY2025-P03,CC01,Synthetic Throughput,107.0,Synthetic False
TM03021,FY2025-P03,CC02,Synthetic Utilization,55.0,Synthetic False
TM03022,FY2025-P03,CC02,Synthetic Throughput,108.0,Synthetic False
TM03031,FY2025-P03,CC03,Synthetic Utilization,56.0,Synthetic False
TM03032,FY2025-P03,CC03,Synthetic Throughput,109.0,Synthetic False
TM03041,FY2025-P03,CC04,Synthetic Utilization,57.0,Synthetic False
TM03042,FY2025-P03,CC04,Synthetic Throughput,110.0,Synthetic False
TM03051,FY2025-P03,CC05,Synthetic Utilization,58.0,Synthetic False
TM03052,FY2025-P03,CC05,Synthetic Throughput,111.0,Synthetic False
TM03061,FY2025-P03,CC06,Synthetic Utilization,59.0,Synthetic False
TM03062,FY2025-P03,CC06,Synthetic Throughput,112.0,Synthetic False
TM03071,FY2025-P03,CC07,Synthetic Utilization,60.0,Synthetic False
TM03072,FY2025-P03,CC07,Synthetic Throughput,113.0,Synthetic False
TM03081,FY2025-P03,CC08,Synthetic Utilization,61.0,Synthetic False
TM03082,FY2025-P03,CC08,Synthetic Throughput,114.0,Synthetic False
TM03091,FY2025-P03,CC09,Synthetic Utilization,62.0,Synthetic False
TM03092,FY2025-P03,CC09,Synthetic Throughput,115.0,Synthetic False
TM03101,FY2025-P03,CC10,Synthetic Utilization,63.0,Synthetic False
TM03102,FY2025-P03,CC10,Synthetic Throughput,116.0,Synthetic False
TM03111,FY2025-P03,CC11,Synthetic Utilization,64.0,Synthetic False
TM03112,FY2025-P03,CC11,Synthetic Throughput,117.0,Synthetic False
TM03121,FY2025-P03,CC12,Synthetic Utilization,65.0,Synthetic False
TM03122,FY2025-P03,CC12,Synthetic Throughput,118.0,Synthetic False
TM03131,FY2025-P03,CC13,Synthetic Utilization,66.0,Synthetic False
TM03132,FY2025-P03,CC13,Synthetic Throughput,119.0,Synthetic False
TM03141,FY2025-P03,CC14,Synthetic Utilization,67.0,Synthetic False
TM03142,FY2025-P03,CC14,Synthetic Throughput,120.0,Synthetic False
TM03151,FY2025-P03,CC15,Synthetic Utilization,68.0,Synthetic False
TM03152,FY2025-P03,CC15,Synthetic Throughput,121.0,Synthetic False
TM03161,FY2025-P03,CC16,Synthetic Utilization,69.0,Synthetic False
TM03162,FY2025-P03,CC16,Synthetic Throughput,122.0,Synthetic False
TM03171,FY2025-P03,CC17,Synthetic Utilization,70.0,Synthetic False
TM03172,FY2025-P03,CC17,Synthetic Throughput,123.0,Synthetic False
TM03181,FY2025-P03,CC18,Synthetic Utilization,71.0,Synthetic False
TM03182,FY2025-P03,CC18,Synthetic Throughput,124.0,Synthetic False
TM04011,FY2025-P04,CC01,Synthetic Utilization,55.0,Synthetic False
TM04012,FY2025-P04,CC01,Synthetic Throughput,109.0,Synthetic False
TM04021,FY2025-P04,CC02,Synthetic Utilization,56.0,Synthetic False
TM04022,FY2025-P04,CC02,Synthetic Throughput,110.0,Synthetic False
TM04031,FY2025-P04,CC03,Synthetic Utilization,57.0,Synthetic False
TM04032,FY2025-P04,CC03,Synthetic Throughput,111.0,Synthetic False
TM04041,FY2025-P04,CC04,Synthetic Utilization,58.0,Synthetic False
TM04042,FY2025-P04,CC04,Synthetic Throughput,112.0,Synthetic False
TM04051,FY2025-P04,CC05,Synthetic Utilization,59.0,Synthetic False
TM04052,FY2025-P04,CC05,Synthetic Throughput,113.0,Synthetic False
TM04061,FY2025-P04,CC06,Synthetic Utilization,60.0,Synthetic False
TM04062,FY2025-P04,CC06,Synthetic Throughput,114.0,Synthetic False
TM04071,FY2025-P04,CC07,Synthetic Utilization,61.0,Synthetic False
TM04072,FY2025-P04,CC07,Synthetic Throughput,115.0,Synthetic False
TM04081,FY2025-P04,CC08,Synthetic Utilization,62.0,Synthetic False
TM04082,FY2025-P04,CC08,Synthetic Throughput,116.0,Synthetic False
TM04091,FY2025-P04,CC09,Synthetic Utilization,63.0,Synthetic False
TM04092,FY2025-P04,CC09,Synthetic Throughput,117.0,Synthetic False
TM04101,FY2025-P04,CC10,Synthetic Utilization,64.0,Synthetic False
TM04102,FY2025-P04,CC10,Synthetic Throughput,118.0,Synthetic False
TM04111,FY2025-P04,CC11,Synthetic Utilization,65.0,Synthetic False
TM04112,FY2025-P04,CC11,Synthetic Throughput,119.0,Synthetic False
TM04121,FY2025-P04,CC12,Synthetic Utilization,66.0,Synthetic False
TM04122,FY2025-P04,CC12,Synthetic Throughput,120.0,Synthetic False
TM04131,FY2025-P04,CC13,Synthetic Utilization,67.0,Synthetic False
TM04132,FY2025-P04,CC13,Synthetic Throughput,121.0,Synthetic False
TM04141,FY2025-P04,CC14,Synthetic Utilization,68.0,Synthetic False
TM04142,FY2025-P04,CC14,Synthetic Throughput,122.0,Synthetic False
TM04151,FY2025-P04,CC15,Synthetic Utilization,69.0,Synthetic False
TM04152,FY2025-P04,CC15,Synthetic Throughput,123.0,Synthetic False
TM04161,FY2025-P04,CC16,Synthetic Utilization,70.0,Synthetic False
TM04162,FY2025-P04,CC16,Synthetic Throughput,124.0,Synthetic False
TM04171,FY2025-P04,CC17,Synthetic Utilization,71.0,Synthetic False
TM04172,FY2025-P04,CC17,Synthetic Throughput,125.0,Synthetic False
TM04181,FY2025-P04,CC18,Synthetic Utilization,72.0,Synthetic False
TM04182,FY2025-P04,CC18,Synthetic Throughput,126.0,Synthetic False
TM05011,FY2025-P05,CC01,Synthetic Utilization,56.0,Synthetic False
TM05012,FY2025-P05,CC01,Synthetic Throughput,111.0,Synthetic False
TM05021,FY2025-P05,CC02,Synthetic Utilization,57.0,Synthetic False
TM05022,FY2025-P05,CC02,Synthetic Throughput,112.0,Synthetic False
TM05031,FY2025-P05,CC03,Synthetic Utilization,58.0,Synthetic False
TM05032,FY2025-P05,CC03,Synthetic Throughput,113.0,Synthetic False
TM05041,FY2025-P05,CC04,Synthetic Utilization,59.0,Synthetic False
TM05042,FY2025-P05,CC04,Synthetic Throughput,114.0,Synthetic False
TM05051,FY2025-P05,CC05,Synthetic Utilization,60.0,Synthetic False
TM05052,FY2025-P05,CC05,Synthetic Throughput,115.0,Synthetic False
TM05061,FY2025-P05,CC06,Synthetic Utilization,61.0,Synthetic False
TM05062,FY2025-P05,CC06,Synthetic Throughput,116.0,Synthetic False
TM05071,FY2025-P05,CC07,Synthetic Utilization,62.0,Synthetic False
TM05072,FY2025-P05,CC07,Synthetic Throughput,117.0,Synthetic False
TM05081,FY2025-P05,CC08,Synthetic Utilization,63.0,Synthetic False
TM05082,FY2025-P05,CC08,Synthetic Throughput,118.0,Synthetic False
TM05091,FY2025-P05,CC09,Synthetic Utilization,64.0,Synthetic False
TM05092,FY2025-P05,CC09,Synthetic Throughput,119.0,Synthetic False
TM05101,FY2025-P05,CC10,Synthetic Utilization,65.0,Synthetic False
TM05102,FY2025-P05,CC10,Synthetic Throughput,120.0,Synthetic False
TM05111,FY2025-P05,CC11,Synthetic Utilization,66.0,Synthetic False
TM05112,FY2025-P05,CC11,Synthetic Throughput,121.0,Synthetic False
TM05121,FY2025-P05,CC12,Synthetic Utilization,67.0,Synthetic False
TM05122,FY2025-P05,CC12,Synthetic Throughput,122.0,Synthetic False
TM05131,FY2025-P05,CC13,Synthetic Utilization,68.0,Synthetic False
TM05132,FY2025-P05,CC13,Synthetic Throughput,123.0,Synthetic False
TM05141,FY2025-P05,CC14,Synthetic Utilization,69.0,Synthetic False
TM05142,FY2025-P05,CC14,Synthetic Throughput,124.0,Synthetic False
TM05151,FY2025-P05,CC15,Synthetic Utilization,70.0,Synthetic False
TM05152,FY2025-P05,CC15,Synthetic Throughput,125.0,Synthetic False
TM05161,FY2025-P05,CC16,Synthetic Utilization,71.0,Synthetic False
TM05162,FY2025-P05,CC16,Synthetic Throughput,126.0,Synthetic False
TM05171,FY2025-P05,CC17,Synthetic Utilization,72.0,Synthetic False
TM05172,FY2025-P05,CC17,Synthetic Throughput,127.0,Synthetic False
TM05181,FY2025-P05,CC18,Synthetic Utilization,73.0,Synthetic False
TM05182,FY2025-P05,CC18,Synthetic Throughput,128.0,Synthetic False
TM06011,FY2025-P06,CC01,Synthetic Utilization,57.0,Synthetic False
TM06012,FY2025-P06,CC01,Synthetic Throughput,113.0,Synthetic False
TM06021,FY2025-P06,CC02,Synthetic Utilization,58.0,Synthetic False
TM06022,FY2025-P06,CC02,Synthetic Throughput,114.0,Synthetic False
TM06031,FY2025-P06,CC03,Synthetic Utilization,59.0,Synthetic False
TM06032,FY2025-P06,CC03,Synthetic Throughput,115.0,Synthetic False
TM06041,FY2025-P06,CC04,Synthetic Utilization,60.0,Synthetic False
TM06042,FY2025-P06,CC04,Synthetic Throughput,116.0,Synthetic False
TM06051,FY2025-P06,CC05,Synthetic Utilization,61.0,Synthetic False
TM06052,FY2025-P06,CC05,Synthetic Throughput,117.0,Synthetic False
TM06061,FY2025-P06,CC06,Synthetic Utilization,62.0,Synthetic False
TM06062,FY2025-P06,CC06,Synthetic Throughput,118.0,Synthetic False
TM06071,FY2025-P06,CC07,Synthetic Utilization,63.0,Synthetic False
TM06072,FY2025-P06,CC07,Synthetic Throughput,119.0,Synthetic False
TM06081,FY2025-P06,CC08,Synthetic Utilization,64.0,Synthetic False
TM06082,FY2025-P06,CC08,Synthetic Throughput,120.0,Synthetic False
TM06091,FY2025-P06,CC09,Synthetic Utilization,65.0,Synthetic False
TM06092,FY2025-P06,CC09,Synthetic Throughput,121.0,Synthetic False
TM06101,FY2025-P06,CC10,Synthetic Utilization,66.0,Synthetic False
TM06102,FY2025-P06,CC10,Synthetic Throughput,122.0,Synthetic False
TM06111,FY2025-P06,CC11,Synthetic Utilization,67.0,Synthetic False
TM06112,FY2025-P06,CC11,Synthetic Throughput,123.0,Synthetic False
TM06121,FY2025-P06,CC12,Synthetic Utilization,68.0,Synthetic False
TM06122,FY2025-P06,CC12,Synthetic Throughput,124.0,Synthetic False
TM06131,FY2025-P06,CC13,Synthetic Utilization,69.0,Synthetic False
TM06132,FY2025-P06,CC13,Synthetic Throughput,125.0,Synthetic False
TM06141,FY2025-P06,CC14,Synthetic Utilization,70.0,Synthetic False
TM06142,FY2025-P06,CC14,Synthetic Throughput,126.0,Synthetic False
TM06151,FY2025-P06,CC15,Synthetic Utilization,71.0,Synthetic False
TM06152,FY2025-P06,CC15,Synthetic Throughput,127.0,Synthetic False
TM06161,FY2025-P06,CC16,Synthetic Utilization,72.0,Synthetic False
TM06162,FY2025-P06,CC16,Synthetic Throughput,128.0,Synthetic False
TM06171,FY2025-P06,CC17,Synthetic Utilization,73.0,Synthetic False
TM06172,FY2025-P06,CC17,Synthetic Throughput,129.0,Synthetic False
TM06181,FY2025-P06,CC18,Synthetic Utilization,74.0,Synthetic False
TM06182,FY2025-P06,CC18,Synthetic Throughput,130.0,Synthetic False
TM07011,FY2025-P07,CC01,Synthetic Utilization,58.0,Synthetic False
TM07012,FY2025-P07,CC01,Synthetic Throughput,115.0,Synthetic False
TM07021,FY2025-P07,CC02,Synthetic Utilization,59.0,Synthetic False
TM07022,FY2025-P07,CC02,Synthetic Throughput,116.0,Synthetic False
TM07031,FY2025-P07,CC03,Synthetic Utilization,60.0,Synthetic False
TM07032,FY2025-P07,CC03,Synthetic Throughput,117.0,Synthetic False
TM07041,FY2025-P07,CC04,Synthetic Utilization,61.0,Synthetic False
TM07042,FY2025-P07,CC04,Synthetic Throughput,118.0,Synthetic False
TM07051,FY2025-P07,CC05,Synthetic Utilization,62.0,Synthetic False
TM07052,FY2025-P07,CC05,Synthetic Throughput,119.0,Synthetic False
TM07061,FY2025-P07,CC06,Synthetic Utilization,63.0,Synthetic False
TM07062,FY2025-P07,CC06,Synthetic Throughput,120.0,Synthetic False
TM07071,FY2025-P07,CC07,Synthetic Utilization,64.0,Synthetic False
TM07072,FY2025-P07,CC07,Synthetic Throughput,121.0,Synthetic False
TM07081,FY2025-P07,CC08,Synthetic Utilization,65.0,Synthetic False
TM07082,FY2025-P07,CC08,Synthetic Throughput,122.0,Synthetic False
TM07091,FY2025-P07,CC09,Synthetic Utilization,66.0,Synthetic False
TM07092,FY2025-P07,CC09,Synthetic Throughput,123.0,Synthetic False
TM07101,FY2025-P07,CC10,Synthetic Utilization,67.0,Synthetic False
TM07102,FY2025-P07,CC10,Synthetic Throughput,124.0,Synthetic False
TM07111,FY2025-P07,CC11,Synthetic Utilization,68.0,Synthetic False
TM07112,FY2025-P07,CC11,Synthetic Throughput,125.0,Synthetic False
TM07121,FY2025-P07,CC12,Synthetic Utilization,69.0,Synthetic False
TM07122,FY2025-P07,CC12,Synthetic Throughput,126.0,Synthetic False
TM07131,FY2025-P07,CC13,Synthetic Utilization,70.0,Synthetic False
TM07132,FY2025-P07,CC13,Synthetic Throughput,127.0,Synthetic False
TM07141,FY2025-P07,CC14,Synthetic Utilization,71.0,Synthetic False
TM07142,FY2025-P07,CC14,Synthetic Throughput,128.0,Synthetic False
TM07151,FY2025-P07,CC15,Synthetic Utilization,72.0,Synthetic False
TM07152,FY2025-P07,CC15,Synthetic Throughput,129.0,Synthetic False
TM07161,FY2025-P07,CC16,Synthetic Utilization,73.0,Synthetic False
TM07162,FY2025-P07,CC16,Synthetic Throughput,130.0,Synthetic False
TM07171,FY2025-P07,CC17,Synthetic Utilization,74.0,Synthetic False
TM07172,FY2025-P07,CC17,Synthetic Throughput,131.0,Synthetic False
TM07181,FY2025-P07,CC18,Synthetic Utilization,75.0,Synthetic False
TM07182,FY2025-P07,CC18,Synthetic Throughput,132.0,Synthetic False
TM08011,FY2025-P08,CC01,Synthetic Utilization,59.0,Synthetic False
TM08012,FY2025-P08,CC01,Synthetic Throughput,117.0,Synthetic False
TM08021,FY2025-P08,CC02,Synthetic Utilization,60.0,Synthetic False
TM08022,FY2025-P08,CC02,Synthetic Throughput,118.0,Synthetic False
TM08031,FY2025-P08,CC03,Synthetic Utilization,61.0,Synthetic False
TM08032,FY2025-P08,CC03,Synthetic Throughput,119.0,Synthetic False
TM08041,FY2025-P08,CC04,Synthetic Utilization,62.0,Synthetic False
TM08042,FY2025-P08,CC04,Synthetic Throughput,120.0,Synthetic False
TM08051,FY2025-P08,CC05,Synthetic Utilization,63.0,Synthetic False
TM08052,FY2025-P08,CC05,Synthetic Throughput,121.0,Synthetic False
TM08061,FY2025-P08,CC06,Synthetic Utilization,64.0,Synthetic False
TM08062,FY2025-P08,CC06,Synthetic Throughput,122.0,Synthetic False
TM08071,FY2025-P08,CC07,Synthetic Utilization,65.0,Synthetic False
TM08072,FY2025-P08,CC07,Synthetic Throughput,123.0,Synthetic False
TM08081,FY2025-P08,CC08,Synthetic Utilization,66.0,Synthetic False
TM08082,FY2025-P08,CC08,Synthetic Throughput,124.0,Synthetic False
TM08091,FY2025-P08,CC09,Synthetic Utilization,67.0,Synthetic False
TM08092,FY2025-P08,CC09,Synthetic Throughput,125.0,Synthetic False
TM08101,FY2025-P08,CC10,Synthetic Utilization,68.0,Synthetic False
TM08102,FY2025-P08,CC10,Synthetic Throughput,126.0,Synthetic False
TM08111,FY2025-P08,CC11,Synthetic Utilization,69.0,Synthetic False
TM08112,FY2025-P08,CC11,Synthetic Throughput,127.0,Synthetic False
TM08121,FY2025-P08,CC12,Synthetic Utilization,70.0,Synthetic False
TM08122,FY2025-P08,CC12,Synthetic Throughput,128.0,Synthetic False
TM08131,FY2025-P08,CC13,Synthetic Utilization,71.0,Synthetic False
TM08132,FY2025-P08,CC13,Synthetic Throughput,129.0,Synthetic False
TM08141,FY2025-P08,CC14,Synthetic Utilization,72.0,Synthetic False
TM08142,FY2025-P08,CC14,Synthetic Throughput,130.0,Synthetic False
TM08151,FY2025-P08,CC15,Synthetic Utilization,73.0,Synthetic False
TM08152,FY2025-P08,CC15,Synthetic Throughput,131.0,Synthetic False
TM08161,FY2025-P08,CC16,Synthetic Utilization,74.0,Synthetic False
TM08162,FY2025-P08,CC16,Synthetic Throughput,132.0,Synthetic False
TM08171,FY2025-P08,CC17,Synthetic Utilization,75.0,Synthetic False
TM08172,FY2025-P08,CC17,Synthetic Throughput,133.0,Synthetic False
TM08181,FY2025-P08,CC18,Synthetic Utilization,76.0,Synthetic False
TM08182,FY2025-P08,CC18,Synthetic Throughput,134.0,Synthetic False
TM09011,FY2025-P09,CC01,Synthetic Utilization,60.0,Synthetic False
TM09012,FY2025-P09,CC01,Synthetic Throughput,119.0,Synthetic False
TM09021,FY2025-P09,CC02,Synthetic Utilization,61.0,Synthetic False
TM09022,FY2025-P09,CC02,Synthetic Throughput,120.0,Synthetic False
TM09031,FY2025-P09,CC03,Synthetic Utilization,62.0,Synthetic False
TM09032,FY2025-P09,CC03,Synthetic Throughput,121.0,Synthetic False
TM09041,FY2025-P09,CC04,Synthetic Utilization,63.0,Synthetic False
TM09042,FY2025-P09,CC04,Synthetic Throughput,122.0,Synthetic False
TM09051,FY2025-P09,CC05,Synthetic Utilization,64.0,Synthetic False
TM09052,FY2025-P09,CC05,Synthetic Throughput,123.0,Synthetic False
TM09061,FY2025-P09,CC06,Synthetic Utilization,65.0,Synthetic False
TM09062,FY2025-P09,CC06,Synthetic Throughput,124.0,Synthetic False
TM09071,FY2025-P09,CC07,Synthetic Utilization,66.0,Synthetic False
TM09072,FY2025-P09,CC07,Synthetic Throughput,125.0,Synthetic False
TM09081,FY2025-P09,CC08,Synthetic Utilization,67.0,Synthetic False
TM09082,FY2025-P09,CC08,Synthetic Throughput,126.0,Synthetic False
TM09091,FY2025-P09,CC09,Synthetic Utilization,68.0,Synthetic False
TM09092,FY2025-P09,CC09,Synthetic Throughput,127.0,Synthetic False
TM09101,FY2025-P09,CC10,Synthetic Utilization,69.0,Synthetic False
TM09102,FY2025-P09,CC10,Synthetic Throughput,128.0,Synthetic False
TM09111,FY2025-P09,CC11,Synthetic Utilization,70.0,Synthetic False
TM09112,FY2025-P09,CC11,Synthetic Throughput,129.0,Synthetic False
TM09121,FY2025-P09,CC12,Synthetic Utilization,71.0,Synthetic False
TM09122,FY2025-P09,CC12,Synthetic Throughput,130.0,Synthetic False
TM09131,FY2025-P09,CC13,Synthetic Utilization,72.0,Synthetic False
TM09132,FY2025-P09,CC13,Synthetic Throughput,131.0,Synthetic False
TM09141,FY2025-P09,CC14,Synthetic Utilization,73.0,Synthetic False
TM09142,FY2025-P09,CC14,Synthetic Throughput,132.0,Synthetic False
TM09151,FY2025-P09,CC15,Synthetic Utilization,74.0,Synthetic False
TM09152,FY2025-P09,CC15,Synthetic Throughput,133.0,Synthetic False
TM09161,FY2025-P09,CC16,Synthetic Utilization,75.0,Synthetic False
TM09162,FY2025-P09,CC16,Synthetic Throughput,134.0,Synthetic False
TM09171,FY2025-P09,CC17,Synthetic Utilization,76.0,Synthetic False
TM09172,FY2025-P09,CC17,Synthetic Throughput,135.0,Synthetic False
TM09181,FY2025-P09,CC18,Synthetic Utilization,77.0,Synthetic False
TM09182,FY2025-P09,CC18,Synthetic Throughput,136.0,Synthetic False
TM10011,FY2025-P10,CC01,Synthetic Utilization,61.0,Synthetic False
TM10012,FY2025-P10,CC01,Synthetic Throughput,121.0,Synthetic False
TM10021,FY2025-P10,CC02,Synthetic Utilization,62.0,Synthetic False
TM10022,FY2025-P10,CC02,Synthetic Throughput,122.0,Synthetic False
TM10031,FY2025-P10,CC03,Synthetic Utilization,63.0,Synthetic False
TM10032,FY2025-P10,CC03,Synthetic Throughput,123.0,Synthetic False
TM10041,FY2025-P10,CC04,Synthetic Utilization,64.0,Synthetic False
TM10042,FY2025-P10,CC04,Synthetic Throughput,124.0,Synthetic False
TM10051,FY2025-P10,CC05,Synthetic Utilization,65.0,Synthetic False
TM10052,FY2025-P10,CC05,Synthetic Throughput,125.0,Synthetic False
TM10061,FY2025-P10,CC06,Synthetic Utilization,66.0,Synthetic False
TM10062,FY2025-P10,CC06,Synthetic Throughput,126.0,Synthetic False
TM10071,FY2025-P10,CC07,Synthetic Utilization,67.0,Synthetic False
TM10072,FY2025-P10,CC07,Synthetic Throughput,127.0,Synthetic False
TM10081,FY2025-P10,CC08,Synthetic Utilization,68.0,Synthetic False
TM10082,FY2025-P10,CC08,Synthetic Throughput,128.0,Synthetic False
TM10091,FY2025-P10,CC09,Synthetic Utilization,69.0,Synthetic False
TM10092,FY2025-P10,CC09,Synthetic Throughput,129.0,Synthetic False
TM10101,FY2025-P10,CC10,Synthetic Utilization,70.0,Synthetic False
TM10102,FY2025-P10,CC10,Synthetic Throughput,130.0,Synthetic False
TM10111,FY2025-P10,CC11,Synthetic Utilization,71.0,Synthetic False
TM10112,FY2025-P10,CC11,Synthetic Throughput,131.0,Synthetic False
TM10121,FY2025-P10,CC12,Synthetic Utilization,72.0,Synthetic False
TM10122,FY2025-P10,CC12,Synthetic Throughput,132.0,Synthetic False
TM10131,FY2025-P10,CC13,Synthetic Utilization,73.0,Synthetic False
TM10132,FY2025-P10,CC13,Synthetic Throughput,133.0,Synthetic False
TM10141,FY2025-P10,CC14,Synthetic Utilization,74.0,Synthetic False
TM10142,FY2025-P10,CC14,Synthetic Throughput,134.0,Synthetic False
TM10151,FY2025-P10,CC15,Synthetic Utilization,75.0,Synthetic False
TM10152,FY2025-P10,CC15,Synthetic Throughput,135.0,Synthetic False
TM10161,FY2025-P10,CC16,Synthetic Utilization,76.0,Synthetic False
TM10162,FY2025-P10,CC16,Synthetic Throughput,136.0,Synthetic False
TM10171,FY2025-P10,CC17,Synthetic Utilization,77.0,Synthetic False
TM10172,FY2025-P10,CC17,Synthetic Throughput,137.0,Synthetic False
TM10181,FY2025-P10,CC18,Synthetic Utilization,78.0,Synthetic False
TM10182,FY2025-P10,CC18,Synthetic Throughput,138.0,Synthetic False
TM11011,FY2025-P11,CC01,Synthetic Utilization,62.0,Synthetic False
TM11012,FY2025-P11,CC01,Synthetic Throughput,123.0,Synthetic False
TM11021,FY2025-P11,CC02,Synthetic Utilization,63.0,Synthetic False
TM11022,FY2025-P11,CC02,Synthetic Throughput,124.0,Synthetic False
TM11031,FY2025-P11,CC03,Synthetic Utilization,64.0,Synthetic False
TM11032,FY2025-P11,CC03,Synthetic Throughput,125.0,Synthetic False
TM11041,FY2025-P11,CC04,Synthetic Utilization,65.0,Synthetic False
TM11042,FY2025-P11,CC04,Synthetic Throughput,126.0,Synthetic False
TM11051,FY2025-P11,CC05,Synthetic Utilization,66.0,Synthetic False
TM11052,FY2025-P11,CC05,Synthetic Throughput,127.0,Synthetic False
TM11061,FY2025-P11,CC06,Synthetic Utilization,67.0,Synthetic False
TM11062,FY2025-P11,CC06,Synthetic Throughput,128.0,Synthetic False
TM11071,FY2025-P11,CC07,Synthetic Utilization,68.0,Synthetic False
TM11072,FY2025-P11,CC07,Synthetic Throughput,129.0,Synthetic False
TM11081,FY2025-P11,CC08,Synthetic Utilization,69.0,Synthetic False
TM11082,FY2025-P11,CC08,Synthetic Throughput,130.0,Synthetic False
TM11091,FY2025-P11,CC09,Synthetic Utilization,70.0,Synthetic False
TM11092,FY2025-P11,CC09,Synthetic Throughput,131.0,Synthetic False
TM11101,FY2025-P11,CC10,Synthetic Utilization,71.0,Synthetic False
TM11102,FY2025-P11,CC10,Synthetic Throughput,132.0,Synthetic False
TM11111,FY2025-P11,CC11,Synthetic Utilization,72.0,Synthetic False
TM11112,FY2025-P11,CC11,Synthetic Throughput,133.0,Synthetic False
TM11121,FY2025-P11,CC12,Synthetic Utilization,73.0,Synthetic False
TM11122,FY2025-P11,CC12,Synthetic Throughput,134.0,Synthetic False
TM11131,FY2025-P11,CC13,Synthetic Utilization,74.0,Synthetic False
TM11132,FY2025-P11,CC13,Synthetic Throughput,135.0,Synthetic False
TM11141,FY2025-P11,CC14,Synthetic Utilization,75.0,Synthetic False
TM11142,FY2025-P11,CC14,Synthetic Throughput,136.0,Synthetic False
TM11151,FY2025-P11,CC15,Synthetic Utilization,76.0,Synthetic False
TM11152,FY2025-P11,CC15,Synthetic Throughput,137.0,Synthetic False
TM11161,FY2025-P11,CC16,Synthetic Utilization,77.0,Synthetic False
TM11162,FY2025-P11,CC16,Synthetic Throughput,138.0,Synthetic False
TM11171,FY2025-P11,CC17,Synthetic Utilization,78.0,Synthetic False
TM11172,FY2025-P11,CC17,Synthetic Throughput,139.0,Synthetic False
TM11181,FY2025-P11,CC18,Synthetic Utilization,79.0,Synthetic False
TM11182,FY2025-P11,CC18,Synthetic Throughput,140.0,Synthetic False
TM12011,FY2025-P12,CC01,Synthetic Utilization,63.0,Synthetic False
TM12012,FY2025-P12,CC01,Synthetic Throughput,125.0,Synthetic False
TM12021,FY2025-P12,CC02,Synthetic Utilization,64.0,Synthetic False
TM12022,FY2025-P12,CC02,Synthetic Throughput,126.0,Synthetic False
TM12031,FY2025-P12,CC03,Synthetic Utilization,65.0,Synthetic False
TM12032,FY2025-P12,CC03,Synthetic Throughput,127.0,Synthetic False
TM12041,FY2025-P12,CC04,Synthetic Utilization,66.0,Synthetic False
TM12042,FY2025-P12,CC04,Synthetic Throughput,128.0,Synthetic False
TM12051,FY2025-P12,CC05,Synthetic Utilization,67.0,Synthetic False
TM12052,FY2025-P12,CC05,Synthetic Throughput,129.0,Synthetic False
TM12061,FY2025-P12,CC06,Synthetic Utilization,68.0,Synthetic False
TM12062,FY2025-P12,CC06,Synthetic Throughput,130.0,Synthetic False
TM12071,FY2025-P12,CC07,Synthetic Utilization,69.0,Synthetic False
TM12072,FY2025-P12,CC07,Synthetic Throughput,131.0,Synthetic False
TM12081,FY2025-P12,CC08,Synthetic Utilization,70.0,Synthetic False
TM12082,FY2025-P12,CC08,Synthetic Throughput,132.0,Synthetic False
TM12091,FY2025-P12,CC09,Synthetic Utilization,71.0,Synthetic False
TM12092,FY2025-P12,CC09,Synthetic Throughput,133.0,Synthetic False
TM12101,FY2025-P12,CC10,Synthetic Utilization,72.0,Synthetic False
TM12102,FY2025-P12,CC10,Synthetic Throughput,134.0,Synthetic False
TM12111,FY2025-P12,CC11,Synthetic Utilization,73.0,Synthetic False
TM12112,FY2025-P12,CC11,Synthetic Throughput,135.0,Synthetic False
TM12121,FY2025-P12,CC12,Synthetic Utilization,74.0,Synthetic False
TM12122,FY2025-P12,CC12,Synthetic Throughput,136.0,Synthetic False
TM12131,FY2025-P12,CC13,Synthetic Utilization,75.0,Synthetic False
TM12132,FY2025-P12,CC13,Synthetic Throughput,137.0,Synthetic False
TM12141,FY2025-P12,CC14,Synthetic Utilization,76.0,Synthetic False
TM12142,FY2025-P12,CC14,Synthetic Throughput,138.0,Synthetic False
TM12151,FY2025-P12,CC15,Synthetic Utilization,77.0,Synthetic False
TM12152,FY2025-P12,CC15,Synthetic Throughput,139.0,Synthetic False
TM12161,FY2025-P12,CC16,Synthetic Utilization,78.0,Synthetic False
TM12162,FY2025-P12,CC16,Synthetic Throughput,140.0,Synthetic False
TM12171,FY2025-P12,CC17,Synthetic Utilization,79.0,Synthetic False
TM12172,FY2025-P12,CC17,Synthetic Throughput,141.0,Synthetic False
TM12181,FY2025-P12,CC18,Synthetic Utilization,80.0,Synthetic False
TM12182,FY2025-P12,CC18,Synthetic Throughput,142.0,Synthetic False
TM13011,FY2026-P01,CC01,Synthetic Utilization,64.0,Synthetic False
TM13012,FY2026-P01,CC01,Synthetic Throughput,127.0,Synthetic False
TM13021,FY2026-P01,CC02,Synthetic Utilization,65.0,Synthetic False
TM13022,FY2026-P01,CC02,Synthetic Throughput,128.0,Synthetic False
TM13031,FY2026-P01,CC03,Synthetic Utilization,66.0,Synthetic False
TM13032,FY2026-P01,CC03,Synthetic Throughput,129.0,Synthetic False
TM13041,FY2026-P01,CC04,Synthetic Utilization,67.0,Synthetic False
TM13042,FY2026-P01,CC04,Synthetic Throughput,130.0,Synthetic False
TM13051,FY2026-P01,CC05,Synthetic Utilization,68.0,Synthetic False
TM13052,FY2026-P01,CC05,Synthetic Throughput,131.0,Synthetic False
TM13061,FY2026-P01,CC06,Synthetic Utilization,69.0,Synthetic False
TM13062,FY2026-P01,CC06,Synthetic Throughput,132.0,Synthetic False
TM13071,FY2026-P01,CC07,Synthetic Utilization,70.0,Synthetic False
TM13072,FY2026-P01,CC07,Synthetic Throughput,133.0,Synthetic False
TM13081,FY2026-P01,CC08,Synthetic Utilization,71.0,Synthetic False
TM13082,FY2026-P01,CC08,Synthetic Throughput,134.0,Synthetic False
TM13091,FY2026-P01,CC09,Synthetic Utilization,72.0,Synthetic False
TM13092,FY2026-P01,CC09,Synthetic Throughput,135.0,Synthetic False
TM13101,FY2026-P01,CC10,Synthetic Utilization,73.0,Synthetic False
TM13102,FY2026-P01,CC10,Synthetic Throughput,136.0,Synthetic False
TM13111,FY2026-P01,CC11,Synthetic Utilization,74.0,Synthetic False
TM13112,FY2026-P01,CC11,Synthetic Throughput,137.0,Synthetic False
TM13121,FY2026-P01,CC12,Synthetic Utilization,75.0,Synthetic False
TM13122,FY2026-P01,CC12,Synthetic Throughput,138.0,Synthetic False
TM13131,FY2026-P01,CC13,Synthetic Utilization,76.0,Synthetic False
TM13132,FY2026-P01,CC13,Synthetic Throughput,139.0,Synthetic False
TM13141,FY2026-P01,CC14,Synthetic Utilization,77.0,Synthetic False
TM13142,FY2026-P01,CC14,Synthetic Throughput,140.0,Synthetic False
TM13151,FY2026-P01,CC15,Synthetic Utilization,78.0,Synthetic False
TM13152,FY2026-P01,CC15,Synthetic Throughput,141.0,Synthetic False
TM13161,FY2026-P01,CC16,Synthetic Utilization,79.0,Synthetic False
TM13162,FY2026-P01,CC16,Synthetic Throughput,142.0,Synthetic False
TM13171,FY2026-P01,CC17,Synthetic Utilization,80.0,Synthetic False
TM13172,FY2026-P01,CC17,Synthetic Throughput,143.0,Synthetic False
TM13181,FY2026-P01,CC18,Synthetic Utilization,81.0,Synthetic False
TM13182,FY2026-P01,CC18,Synthetic Throughput,144.0,Synthetic False
TM14011,FY2026-P02,CC01,Synthetic Utilization,65.0,Synthetic False
TM14012,FY2026-P02,CC01,Synthetic Throughput,129.0,Synthetic False
TM14021,FY2026-P02,CC02,Synthetic Utilization,66.0,Synthetic False
TM14022,FY2026-P02,CC02,Synthetic Throughput,130.0,Synthetic False
TM14031,FY2026-P02,CC03,Synthetic Utilization,67.0,Synthetic False
TM14032,FY2026-P02,CC03,Synthetic Throughput,131.0,Synthetic False
TM14041,FY2026-P02,CC04,Synthetic Utilization,68.0,Synthetic False
TM14042,FY2026-P02,CC04,Synthetic Throughput,132.0,Synthetic False
TM14051,FY2026-P02,CC05,Synthetic Utilization,69.0,Synthetic False
TM14052,FY2026-P02,CC05,Synthetic Throughput,133.0,Synthetic False
TM14061,FY2026-P02,CC06,Synthetic Utilization,70.0,Synthetic False
TM14062,FY2026-P02,CC06,Synthetic Throughput,134.0,Synthetic False
TM14071,FY2026-P02,CC07,Synthetic Utilization,71.0,Synthetic False
TM14072,FY2026-P02,CC07,Synthetic Throughput,135.0,Synthetic False
TM14081,FY2026-P02,CC08,Synthetic Utilization,72.0,Synthetic False
TM14082,FY2026-P02,CC08,Synthetic Throughput,136.0,Synthetic False
TM14091,FY2026-P02,CC09,Synthetic Utilization,73.0,Synthetic False
TM14092,FY2026-P02,CC09,Synthetic Throughput,137.0,Synthetic False
TM14101,FY2026-P02,CC10,Synthetic Utilization,74.0,Synthetic False
TM14102,FY2026-P02,CC10,Synthetic Throughput,138.0,Synthetic False
TM14111,FY2026-P02,CC11,Synthetic Utilization,75.0,Synthetic False
TM14112,FY2026-P02,CC11,Synthetic Throughput,139.0,Synthetic False
TM14121,FY2026-P02,CC12,Synthetic Utilization,76.0,Synthetic False
TM14122,FY2026-P02,CC12,Synthetic Throughput,140.0,Synthetic False
TM14131,FY2026-P02,CC13,Synthetic Utilization,77.0,Synthetic False
TM14132,FY2026-P02,CC13,Synthetic Throughput,141.0,Synthetic False
TM14141,FY2026-P02,CC14,Synthetic Utilization,78.0,Synthetic False
TM14142,FY2026-P02,CC14,Synthetic Throughput,142.0,Synthetic False
TM14151,FY2026-P02,CC15,Synthetic Utilization,79.0,Synthetic False
TM14152,FY2026-P02,CC15,Synthetic Throughput,143.0,Synthetic False
TM14161,FY2026-P02,CC16,Synthetic Utilization,80.0,Synthetic False
TM14162,FY2026-P02,CC16,Synthetic Throughput,144.0,Synthetic False
TM14171,FY2026-P02,CC17,Synthetic Utilization,81.0,Synthetic False
TM14172,FY2026-P02,CC17,Synthetic Throughput,145.0,Synthetic False
TM14181,FY2026-P02,CC18,Synthetic Utilization,82.0,Synthetic False
TM14182,FY2026-P02,CC18,Synthetic Throughput,146.0,Synthetic False
TM15011,FY2026-P03,CC01,Synthetic Utilization,66.0,Synthetic False
TM15012,FY2026-P03,CC01,Synthetic Throughput,131.0,Synthetic False
TM15021,FY2026-P03,CC02,Synthetic Utilization,67.0,Synthetic False
TM15022,FY2026-P03,CC02,Synthetic Throughput,132.0,Synthetic False
TM15031,FY2026-P03,CC03,Synthetic Utilization,68.0,Synthetic False
TM15032,FY2026-P03,CC03,Synthetic Throughput,133.0,Synthetic False
TM15041,FY2026-P03,CC04,Synthetic Utilization,69.0,Synthetic False
TM15042,FY2026-P03,CC04,Synthetic Throughput,134.0,Synthetic False
TM15051,FY2026-P03,CC05,Synthetic Utilization,70.0,Synthetic False
TM15052,FY2026-P03,CC05,Synthetic Throughput,135.0,Synthetic False
TM15061,FY2026-P03,CC06,Synthetic Utilization,71.0,Synthetic False
TM15062,FY2026-P03,CC06,Synthetic Throughput,136.0,Synthetic False
TM15071,FY2026-P03,CC07,Synthetic Utilization,72.0,Synthetic False
TM15072,FY2026-P03,CC07,Synthetic Throughput,137.0,Synthetic False
TM15081,FY2026-P03,CC08,Synthetic Utilization,73.0,Synthetic False
TM15082,FY2026-P03,CC08,Synthetic Throughput,138.0,Synthetic False
TM15091,FY2026-P03,CC09,Synthetic Utilization,74.0,Synthetic False
TM15092,FY2026-P03,CC09,Synthetic Throughput,139.0,Synthetic False
TM15101,FY2026-P03,CC10,Synthetic Utilization,75.0,Synthetic False
TM15102,FY2026-P03,CC10,Synthetic Throughput,140.0,Synthetic False
TM15111,FY2026-P03,CC11,Synthetic Utilization,76.0,Synthetic False
TM15112,FY2026-P03,CC11,Synthetic Throughput,141.0,Synthetic False
TM15121,FY2026-P03,CC12,Synthetic Utilization,77.0,Synthetic False
TM15122,FY2026-P03,CC12,Synthetic Throughput,142.0,Synthetic False
TM15131,FY2026-P03,CC13,Synthetic Utilization,78.0,Synthetic False
TM15132,FY2026-P03,CC13,Synthetic Throughput,143.0,Synthetic False
TM15141,FY2026-P03,CC14,Synthetic Utilization,79.0,Synthetic False
TM15142,FY2026-P03,CC14,Synthetic Throughput,144.0,Synthetic False
TM15151,FY2026-P03,CC15,Synthetic Utilization,80.0,Synthetic False
TM15152,FY2026-P03,CC15,Synthetic Throughput,145.0,Synthetic False
TM15161,FY2026-P03,CC16,Synthetic Utilization,81.0,Synthetic False
TM15162,FY2026-P03,CC16,Synthetic Throughput,146.0,Synthetic False
TM15171,FY2026-P03,CC17,Synthetic Utilization,82.0,Synthetic False
TM15172,FY2026-P03,CC17,Synthetic Throughput,147.0,Synthetic False
TM15181,FY2026-P03,CC18,Synthetic Utilization,83.0,Synthetic False
TM15182,FY2026-P03,CC18,Synthetic Throughput,148.0,Synthetic False
TM16011,FY2026-P04,CC01,Synthetic Utilization,67.0,Synthetic False
TM16012,FY2026-P04,CC01,Synthetic Throughput,133.0,Synthetic False
TM16021,FY2026-P04,CC02,Synthetic Utilization,68.0,Synthetic False
TM16022,FY2026-P04,CC02,Synthetic Throughput,134.0,Synthetic False
TM16031,FY2026-P04,CC03,Synthetic Utilization,69.0,Synthetic False
TM16032,FY2026-P04,CC03,Synthetic Throughput,135.0,Synthetic False
TM16041,FY2026-P04,CC04,Synthetic Utilization,70.0,Synthetic False
TM16042,FY2026-P04,CC04,Synthetic Throughput,136.0,Synthetic False
TM16051,FY2026-P04,CC05,Synthetic Utilization,71.0,Synthetic False
TM16052,FY2026-P04,CC05,Synthetic Throughput,137.0,Synthetic False
TM16061,FY2026-P04,CC06,Synthetic Utilization,72.0,Synthetic False
TM16062,FY2026-P04,CC06,Synthetic Throughput,138.0,Synthetic False
TM16071,FY2026-P04,CC07,Synthetic Utilization,73.0,Synthetic False
TM16072,FY2026-P04,CC07,Synthetic Throughput,139.0,Synthetic False
TM16081,FY2026-P04,CC08,Synthetic Utilization,74.0,Synthetic False
TM16082,FY2026-P04,CC08,Synthetic Throughput,140.0,Synthetic False
TM16091,FY2026-P04,CC09,Synthetic Utilization,75.0,Synthetic False
TM16092,FY2026-P04,CC09,Synthetic Throughput,141.0,Synthetic False
TM16101,FY2026-P04,CC10,Synthetic Utilization,76.0,Synthetic False
TM16102,FY2026-P04,CC10,Synthetic Throughput,142.0,Synthetic False
TM16111,FY2026-P04,CC11,Synthetic Utilization,77.0,Synthetic False
TM16112,FY2026-P04,CC11,Synthetic Throughput,143.0,Synthetic False
TM16121,FY2026-P04,CC12,Synthetic Utilization,78.0,Synthetic False
TM16122,FY2026-P04,CC12,Synthetic Throughput,144.0,Synthetic False
TM16131,FY2026-P04,CC13,Synthetic Utilization,79.0,Synthetic False
TM16132,FY2026-P04,CC13,Synthetic Throughput,145.0,Synthetic False
TM16141,FY2026-P04,CC14,Synthetic Utilization,80.0,Synthetic False
TM16142,FY2026-P04,CC14,Synthetic Throughput,146.0,Synthetic False
TM16151,FY2026-P04,CC15,Synthetic Utilization,81.0,Synthetic False
TM16152,FY2026-P04,CC15,Synthetic Throughput,147.0,Synthetic False
TM16161,FY2026-P04,CC16,Synthetic Utilization,82.0,Synthetic False
TM16162,FY2026-P04,CC16,Synthetic Throughput,148.0,Synthetic False
TM16171,FY2026-P04,CC17,Synthetic Utilization,83.0,Synthetic False
TM16172,FY2026-P04,CC17,Synthetic Throughput,149.0,Synthetic False
TM16181,FY2026-P04,CC18,Synthetic Utilization,84.0,Synthetic False
TM16182,FY2026-P04,CC18,Synthetic Throughput,150.0,Synthetic False
TM17011,FY2026-P05,CC01,Synthetic Utilization,68.0,Synthetic False
TM17012,FY2026-P05,CC01,Synthetic Throughput,135.0,Synthetic False
TM17021,FY2026-P05,CC02,Synthetic Utilization,69.0,Synthetic False
TM17022,FY2026-P05,CC02,Synthetic Throughput,136.0,Synthetic False
TM17031,FY2026-P05,CC03,Synthetic Utilization,70.0,Synthetic False
TM17032,FY2026-P05,CC03,Synthetic Throughput,137.0,Synthetic False
TM17041,FY2026-P05,CC04,Synthetic Utilization,71.0,Synthetic False
TM17042,FY2026-P05,CC04,Synthetic Throughput,138.0,Synthetic False
TM17051,FY2026-P05,CC05,Synthetic Utilization,72.0,Synthetic False
TM17052,FY2026-P05,CC05,Synthetic Throughput,139.0,Synthetic False
TM17061,FY2026-P05,CC06,Synthetic Utilization,73.0,Synthetic False
TM17062,FY2026-P05,CC06,Synthetic Throughput,140.0,Synthetic False
TM17071,FY2026-P05,CC07,Synthetic Utilization,74.0,Synthetic False
TM17072,FY2026-P05,CC07,Synthetic Throughput,141.0,Synthetic False
TM17081,FY2026-P05,CC08,Synthetic Utilization,75.0,Synthetic False
TM17082,FY2026-P05,CC08,Synthetic Throughput,142.0,Synthetic False
TM17091,FY2026-P05,CC09,Synthetic Utilization,76.0,Synthetic False
TM17092,FY2026-P05,CC09,Synthetic Throughput,143.0,Synthetic False
TM17101,FY2026-P05,CC10,Synthetic Utilization,77.0,Synthetic False
TM17102,FY2026-P05,CC10,Synthetic Throughput,144.0,Synthetic False
TM17111,FY2026-P05,CC11,Synthetic Utilization,78.0,Synthetic False
TM17112,FY2026-P05,CC11,Synthetic Throughput,145.0,Synthetic False
TM17121,FY2026-P05,CC12,Synthetic Utilization,79.0,Synthetic False
TM17122,FY2026-P05,CC12,Synthetic Throughput,146.0,Synthetic False
TM17131,FY2026-P05,CC13,Synthetic Utilization,80.0,Synthetic False
TM17132,FY2026-P05,CC13,Synthetic Throughput,147.0,Synthetic False
TM17141,FY2026-P05,CC14,Synthetic Utilization,81.0,Synthetic False
TM17142,FY2026-P05,CC14,Synthetic Throughput,148.0,Synthetic False
TM17151,FY2026-P05,CC15,Synthetic Utilization,82.0,Synthetic False
TM17152,FY2026-P05,CC15,Synthetic Throughput,149.0,Synthetic False
TM17161,FY2026-P05,CC16,Synthetic Utilization,83.0,Synthetic False
TM17162,FY2026-P05,CC16,Synthetic Throughput,150.0,Synthetic False
TM17171,FY2026-P05,CC17,Synthetic Utilization,84.0,Synthetic False
TM17172,FY2026-P05,CC17,Synthetic Throughput,151.0,Synthetic False
TM17181,FY2026-P05,CC18,Synthetic Utilization,85.0,Synthetic False
TM17182,FY2026-P05,CC18,Synthetic Throughput,152.0,Synthetic False
TM18011,FY2026-P06,CC01,Synthetic Utilization,69.0,Synthetic False
TM18012,FY2026-P06,CC01,Synthetic Throughput,137.0,Synthetic False
TM18021,FY2026-P06,CC02,Synthetic Utilization,70.0,Synthetic False
TM18022,FY2026-P06,CC02,Synthetic Throughput,138.0,Synthetic False
TM18031,FY2026-P06,CC03,Synthetic Utilization,71.0,Synthetic False
TM18032,FY2026-P06,CC03,Synthetic Throughput,139.0,Synthetic False
TM18041,FY2026-P06,CC04,Synthetic Utilization,72.0,Synthetic False
TM18042,FY2026-P06,CC04,Synthetic Throughput,140.0,Synthetic False
TM18051,FY2026-P06,CC05,Synthetic Utilization,73.0,Synthetic False
TM18052,FY2026-P06,CC05,Synthetic Throughput,141.0,Synthetic False
TM18061,FY2026-P06,CC06,Synthetic Utilization,74.0,Synthetic False
TM18062,FY2026-P06,CC06,Synthetic Throughput,142.0,Synthetic False
TM18071,FY2026-P06,CC07,Synthetic Utilization,75.0,Synthetic False
TM18072,FY2026-P06,CC07,Synthetic Throughput,143.0,Synthetic False
TM18081,FY2026-P06,CC08,Synthetic Utilization,76.0,Synthetic False
TM18082,FY2026-P06,CC08,Synthetic Throughput,144.0,Synthetic False
TM18091,FY2026-P06,CC09,Synthetic Utilization,77.0,Synthetic False
TM18092,FY2026-P06,CC09,Synthetic Throughput,145.0,Synthetic False
TM18101,FY2026-P06,CC10,Synthetic Utilization,78.0,Synthetic False
TM18102,FY2026-P06,CC10,Synthetic Throughput,146.0,Synthetic False
TM18111,FY2026-P06,CC11,Synthetic Utilization,79.0,Synthetic False
TM18112,FY2026-P06,CC11,Synthetic Throughput,147.0,Synthetic False
TM18121,FY2026-P06,CC12,Synthetic Utilization,80.0,Synthetic False
TM18122,FY2026-P06,CC12,Synthetic Throughput,148.0,Synthetic False
TM18131,FY2026-P06,CC13,Synthetic Utilization,81.0,Synthetic False
TM18132,FY2026-P06,CC13,Synthetic Throughput,149.0,Synthetic False
TM18141,FY2026-P06,CC14,Synthetic Utilization,82.0,Synthetic False
TM18142,FY2026-P06,CC14,Synthetic Throughput,150.0,Synthetic False
TM18151,FY2026-P06,CC15,Synthetic Utilization,83.0,Synthetic False
TM18152,FY2026-P06,CC15,Synthetic Throughput,151.0,Synthetic False
TM18161,FY2026-P06,CC16,Synthetic Utilization,84.0,Synthetic False
TM18162,FY2026-P06,CC16,Synthetic Throughput,152.0,Synthetic False
TM18171,FY2026-P06,CC17,Synthetic Utilization,85.0,Synthetic False
TM18172,FY2026-P06,CC17,Synthetic Throughput,153.0,Synthetic False
TM18181,FY2026-P06,CC18,Synthetic Utilization,86.0,Synthetic False
TM18182,FY2026-P06,CC18,Synthetic Throughput,154.0,Synthetic False
TM19011,FY2026-P07,CC01,Synthetic Utilization,70.0,Synthetic False
TM19012,FY2026-P07,CC01,Synthetic Throughput,139.0,Synthetic False
TM19021,FY2026-P07,CC02,Synthetic Utilization,71.0,Synthetic False
TM19022,FY2026-P07,CC02,Synthetic Throughput,140.0,Synthetic False
TM19031,FY2026-P07,CC03,Synthetic Utilization,72.0,Synthetic False
TM19032,FY2026-P07,CC03,Synthetic Throughput,141.0,Synthetic False
TM19041,FY2026-P07,CC04,Synthetic Utilization,73.0,Synthetic False
TM19042,FY2026-P07,CC04,Synthetic Throughput,142.0,Synthetic False
TM19051,FY2026-P07,CC05,Synthetic Utilization,74.0,Synthetic False
TM19052,FY2026-P07,CC05,Synthetic Throughput,143.0,Synthetic False
TM19061,FY2026-P07,CC06,Synthetic Utilization,75.0,Synthetic False
TM19062,FY2026-P07,CC06,Synthetic Throughput,144.0,Synthetic False
TM19071,FY2026-P07,CC07,Synthetic Utilization,76.0,Synthetic False
TM19072,FY2026-P07,CC07,Synthetic Throughput,145.0,Synthetic False
TM19081,FY2026-P07,CC08,Synthetic Utilization,77.0,Synthetic False
TM19082,FY2026-P07,CC08,Synthetic Throughput,146.0,Synthetic False
TM19091,FY2026-P07,CC09,Synthetic Utilization,78.0,Synthetic False
TM19092,FY2026-P07,CC09,Synthetic Throughput,147.0,Synthetic False
TM19101,FY2026-P07,CC10,Synthetic Utilization,79.0,Synthetic False
TM19102,FY2026-P07,CC10,Synthetic Throughput,148.0,Synthetic False
TM19111,FY2026-P07,CC11,Synthetic Utilization,80.0,Synthetic False
TM19112,FY2026-P07,CC11,Synthetic Throughput,149.0,Synthetic False
TM19121,FY2026-P07,CC12,Synthetic Utilization,81.0,Synthetic False
TM19122,FY2026-P07,CC12,Synthetic Throughput,150.0,Synthetic False
TM19131,FY2026-P07,CC13,Synthetic Utilization,82.0,Synthetic False
TM19132,FY2026-P07,CC13,Synthetic Throughput,151.0,Synthetic False
TM19141,FY2026-P07,CC14,Synthetic Utilization,83.0,Synthetic False
TM19142,FY2026-P07,CC14,Synthetic Throughput,152.0,Synthetic False
TM19151,FY2026-P07,CC15,Synthetic Utilization,84.0,Synthetic False
TM19152,FY2026-P07,CC15,Synthetic Throughput,153.0,Synthetic False
TM19161,FY2026-P07,CC16,Synthetic Utilization,85.0,Synthetic False
TM19162,FY2026-P07,CC16,Synthetic Throughput,154.0,Synthetic False
TM19171,FY2026-P07,CC17,Synthetic Utilization,86.0,Synthetic False
TM19172,FY2026-P07,CC17,Synthetic Throughput,155.0,Synthetic False
TM19181,FY2026-P07,CC18,Synthetic Utilization,87.0,Synthetic False
TM19182,FY2026-P07,CC18,Synthetic Throughput,156.0,Synthetic False
TM20011,FY2026-P08,CC01,Synthetic Utilization,71.0,Synthetic False
TM20012,FY2026-P08,CC01,Synthetic Throughput,141.0,Synthetic False
TM20021,FY2026-P08,CC02,Synthetic Utilization,72.0,Synthetic False
TM20022,FY2026-P08,CC02,Synthetic Throughput,142.0,Synthetic False
TM20031,FY2026-P08,CC03,Synthetic Utilization,73.0,Synthetic False
TM20032,FY2026-P08,CC03,Synthetic Throughput,143.0,Synthetic False
TM20041,FY2026-P08,CC04,Synthetic Utilization,74.0,Synthetic False
TM20042,FY2026-P08,CC04,Synthetic Throughput,144.0,Synthetic False
TM20051,FY2026-P08,CC05,Synthetic Utilization,75.0,Synthetic False
TM20052,FY2026-P08,CC05,Synthetic Throughput,145.0,Synthetic False
TM20061,FY2026-P08,CC06,Synthetic Utilization,76.0,Synthetic False
TM20062,FY2026-P08,CC06,Synthetic Throughput,146.0,Synthetic False
TM20071,FY2026-P08,CC07,Synthetic Utilization,77.0,Synthetic False
TM20072,FY2026-P08,CC07,Synthetic Throughput,147.0,Synthetic False
TM20081,FY2026-P08,CC08,Synthetic Utilization,78.0,Synthetic False
TM20082,FY2026-P08,CC08,Synthetic Throughput,148.0,Synthetic False
TM20091,FY2026-P08,CC09,Synthetic Utilization,79.0,Synthetic False
TM20092,FY2026-P08,CC09,Synthetic Throughput,149.0,Synthetic False
TM20101,FY2026-P08,CC10,Synthetic Utilization,80.0,Synthetic False
TM20102,FY2026-P08,CC10,Synthetic Throughput,150.0,Synthetic False
TM20111,FY2026-P08,CC11,Synthetic Utilization,81.0,Synthetic False
TM20112,FY2026-P08,CC11,Synthetic Throughput,151.0,Synthetic False
TM20121,FY2026-P08,CC12,Synthetic Utilization,82.0,Synthetic False
TM20122,FY2026-P08,CC12,Synthetic Throughput,152.0,Synthetic False
TM20131,FY2026-P08,CC13,Synthetic Utilization,83.0,Synthetic False
TM20132,FY2026-P08,CC13,Synthetic Throughput,153.0,Synthetic False
TM20141,FY2026-P08,CC14,Synthetic Utilization,84.0,Synthetic False
TM20142,FY2026-P08,CC14,Synthetic Throughput,154.0,Synthetic False
TM20151,FY2026-P08,CC15,Synthetic Utilization,85.0,Synthetic False
TM20152,FY2026-P08,CC15,Synthetic Throughput,155.0,Synthetic False
TM20161,FY2026-P08,CC16,Synthetic Utilization,86.0,Synthetic False
TM20162,FY2026-P08,CC16,Synthetic Throughput,156.0,Synthetic False
TM20171,FY2026-P08,CC17,Synthetic Utilization,87.0,Synthetic False
TM20172,FY2026-P08,CC17,Synthetic Throughput,157.0,Synthetic False
TM20181,FY2026-P08,CC18,Synthetic Utilization,88.0,Synthetic False
TM20182,FY2026-P08,CC18,Synthetic Throughput,158.0,Synthetic False
TM21011,FY2026-P09,CC01,Synthetic Utilization,72.0,Synthetic False
TM21012,FY2026-P09,CC01,Synthetic Throughput,143.0,Synthetic False
TM21021,FY2026-P09,CC02,Synthetic Utilization,73.0,Synthetic False
TM21022,FY2026-P09,CC02,Synthetic Throughput,144.0,Synthetic False
TM21031,FY2026-P09,CC03,Synthetic Utilization,74.0,Synthetic False
TM21032,FY2026-P09,CC03,Synthetic Throughput,145.0,Synthetic False
TM21041,FY2026-P09,CC04,Synthetic Utilization,75.0,Synthetic False
TM21042,FY2026-P09,CC04,Synthetic Throughput,146.0,Synthetic False
TM21051,FY2026-P09,CC05,Synthetic Utilization,76.0,Synthetic False
TM21052,FY2026-P09,CC05,Synthetic Throughput,147.0,Synthetic False
TM21061,FY2026-P09,CC06,Synthetic Utilization,77.0,Synthetic False
TM21062,FY2026-P09,CC06,Synthetic Throughput,148.0,Synthetic False
TM21071,FY2026-P09,CC07,Synthetic Utilization,78.0,Synthetic False
TM21072,FY2026-P09,CC07,Synthetic Throughput,149.0,Synthetic False
TM21081,FY2026-P09,CC08,Synthetic Utilization,79.0,Synthetic False
TM21082,FY2026-P09,CC08,Synthetic Throughput,150.0,Synthetic False
TM21091,FY2026-P09,CC09,Synthetic Utilization,80.0,Synthetic False
TM21092,FY2026-P09,CC09,Synthetic Throughput,151.0,Synthetic False
TM21101,FY2026-P09,CC10,Synthetic Utilization,81.0,Synthetic False
TM21102,FY2026-P09,CC10,Synthetic Throughput,152.0,Synthetic False
TM21111,FY2026-P09,CC11,Synthetic Utilization,82.0,Synthetic False
TM21112,FY2026-P09,CC11,Synthetic Throughput,153.0,Synthetic False
TM21121,FY2026-P09,CC12,Synthetic Utilization,83.0,Synthetic False
TM21122,FY2026-P09,CC12,Synthetic Throughput,154.0,Synthetic False
TM21131,FY2026-P09,CC13,Synthetic Utilization,84.0,Synthetic False
TM21132,FY2026-P09,CC13,Synthetic Throughput,155.0,Synthetic False
TM21141,FY2026-P09,CC14,Synthetic Utilization,85.0,Synthetic False
TM21142,FY2026-P09,CC14,Synthetic Throughput,156.0,Synthetic False
TM21151,FY2026-P09,CC15,Synthetic Utilization,86.0,Synthetic False
TM21152,FY2026-P09,CC15,Synthetic Throughput,157.0,Synthetic False
TM21161,FY2026-P09,CC16,Synthetic Utilization,87.0,Synthetic False
TM21162,FY2026-P09,CC16,Synthetic Throughput,158.0,Synthetic False
TM21171,FY2026-P09,CC17,Synthetic Utilization,88.0,Synthetic False
TM21172,FY2026-P09,CC17,Synthetic Throughput,159.0,Synthetic False
TM21181,FY2026-P09,CC18,Synthetic Utilization,89.0,Synthetic False
TM21182,FY2026-P09,CC18,Synthetic Throughput,160.0,Synthetic False
TM22011,FY2026-P10,CC01,Synthetic Utilization,73.0,Synthetic False
TM22012,FY2026-P10,CC01,Synthetic Throughput,145.0,Synthetic False
TM22021,FY2026-P10,CC02,Synthetic Utilization,74.0,Synthetic False
TM22022,FY2026-P10,CC02,Synthetic Throughput,146.0,Synthetic False
TM22031,FY2026-P10,CC03,Synthetic Utilization,75.0,Synthetic False
TM22032,FY2026-P10,CC03,Synthetic Throughput,147.0,Synthetic False
TM22041,FY2026-P10,CC04,Synthetic Utilization,76.0,Synthetic False
TM22042,FY2026-P10,CC04,Synthetic Throughput,148.0,Synthetic False
TM22051,FY2026-P10,CC05,Synthetic Utilization,77.0,Synthetic False
TM22052,FY2026-P10,CC05,Synthetic Throughput,149.0,Synthetic False
TM22061,FY2026-P10,CC06,Synthetic Utilization,78.0,Synthetic False
TM22062,FY2026-P10,CC06,Synthetic Throughput,150.0,Synthetic False
TM22071,FY2026-P10,CC07,Synthetic Utilization,79.0,Synthetic False
TM22072,FY2026-P10,CC07,Synthetic Throughput,151.0,Synthetic False
TM22081,FY2026-P10,CC08,Synthetic Utilization,80.0,Synthetic False
TM22082,FY2026-P10,CC08,Synthetic Throughput,152.0,Synthetic False
TM22091,FY2026-P10,CC09,Synthetic Utilization,81.0,Synthetic False
TM22092,FY2026-P10,CC09,Synthetic Throughput,153.0,Synthetic False
TM22101,FY2026-P10,CC10,Synthetic Utilization,82.0,Synthetic False
TM22102,FY2026-P10,CC10,Synthetic Throughput,154.0,Synthetic False
TM22111,FY2026-P10,CC11,Synthetic Utilization,83.0,Synthetic False
TM22112,FY2026-P10,CC11,Synthetic Throughput,155.0,Synthetic False
TM22121,FY2026-P10,CC12,Synthetic Utilization,84.0,Synthetic False
TM22122,FY2026-P10,CC12,Synthetic Throughput,156.0,Synthetic False
TM22131,FY2026-P10,CC13,Synthetic Utilization,85.0,Synthetic False
TM22132,FY2026-P10,CC13,Synthetic Throughput,157.0,Synthetic False
TM22141,FY2026-P10,CC14,Synthetic Utilization,86.0,Synthetic False
TM22142,FY2026-P10,CC14,Synthetic Throughput,158.0,Synthetic False
TM22151,FY2026-P10,CC15,Synthetic Utilization,87.0,Synthetic False
TM22152,FY2026-P10,CC15,Synthetic Throughput,159.0,Synthetic False
TM22161,FY2026-P10,CC16,Synthetic Utilization,88.0,Synthetic False
TM22162,FY2026-P10,CC16,Synthetic Throughput,160.0,Synthetic False
TM22171,FY2026-P10,CC17,Synthetic Utilization,89.0,Synthetic False
TM22172,FY2026-P10,CC17,Synthetic Throughput,161.0,Synthetic False
TM22181,FY2026-P10,CC18,Synthetic Utilization,50.0,Synthetic False
TM22182,FY2026-P10,CC18,Synthetic Throughput,162.0,Synthetic False
TM23011,FY2026-P11,CC01,Synthetic Utilization,74.0,Synthetic False
TM23012,FY2026-P11,CC01,Synthetic Throughput,147.0,Synthetic False
TM23021,FY2026-P11,CC02,Synthetic Utilization,75.0,Synthetic False
TM23022,FY2026-P11,CC02,Synthetic Throughput,148.0,Synthetic False
TM23031,FY2026-P11,CC03,Synthetic Utilization,76.0,Synthetic False
TM23032,FY2026-P11,CC03,Synthetic Throughput,149.0,Synthetic False
TM23041,FY2026-P11,CC04,Synthetic Utilization,77.0,Synthetic False
TM23042,FY2026-P11,CC04,Synthetic Throughput,150.0,Synthetic False
TM23051,FY2026-P11,CC05,Synthetic Utilization,78.0,Synthetic False
TM23052,FY2026-P11,CC05,Synthetic Throughput,151.0,Synthetic False
TM23061,FY2026-P11,CC06,Synthetic Utilization,79.0,Synthetic False
TM23062,FY2026-P11,CC06,Synthetic Throughput,152.0,Synthetic False
TM23071,FY2026-P11,CC07,Synthetic Utilization,80.0,Synthetic False
TM23072,FY2026-P11,CC07,Synthetic Throughput,153.0,Synthetic False
TM23081,FY2026-P11,CC08,Synthetic Utilization,81.0,Synthetic False
TM23082,FY2026-P11,CC08,Synthetic Throughput,154.0,Synthetic False
TM23091,FY2026-P11,CC09,Synthetic Utilization,82.0,Synthetic False
TM23092,FY2026-P11,CC09,Synthetic Throughput,155.0,Synthetic False
TM23101,FY2026-P11,CC10,Synthetic Utilization,83.0,Synthetic False
TM23102,FY2026-P11,CC10,Synthetic Throughput,156.0,Synthetic False
TM23111,FY2026-P11,CC11,Synthetic Utilization,84.0,Synthetic False
TM23112,FY2026-P11,CC11,Synthetic Throughput,157.0,Synthetic False
TM23121,FY2026-P11,CC12,Synthetic Utilization,85.0,Synthetic False
TM23122,FY2026-P11,CC12,Synthetic Throughput,158.0,Synthetic False
TM23131,FY2026-P11,CC13,Synthetic Utilization,86.0,Synthetic False
TM23132,FY2026-P11,CC13,Synthetic Throughput,159.0,Synthetic False
TM23141,FY2026-P11,CC14,Synthetic Utilization,87.0,Synthetic False
TM23142,FY2026-P11,CC14,Synthetic Throughput,160.0,Synthetic False
TM23151,FY2026-P11,CC15,Synthetic Utilization,88.0,Synthetic False
TM23152,FY2026-P11,CC15,Synthetic Throughput,161.0,Synthetic False
TM23161,FY2026-P11,CC16,Synthetic Utilization,89.0,Synthetic False
TM23162,FY2026-P11,CC16,Synthetic Throughput,162.0,Synthetic False
TM23171,FY2026-P11,CC17,Synthetic Utilization,50.0,Synthetic False
TM23172,FY2026-P11,CC17,Synthetic Throughput,163.0,Synthetic False
TM23181,FY2026-P11,CC18,Synthetic Utilization,51.0,Synthetic False
TM23182,FY2026-P11,CC18,Synthetic Throughput,164.0,Synthetic False
TM24011,FY2026-P12,CC01,Synthetic Utilization,75.0,Synthetic False
TM24012,FY2026-P12,CC01,Synthetic Throughput,149.0,Synthetic False
TM24021,FY2026-P12,CC02,Synthetic Utilization,76.0,Synthetic False
TM24022,FY2026-P12,CC02,Synthetic Throughput,150.0,Synthetic False
TM24031,FY2026-P12,CC03,Synthetic Utilization,77.0,Synthetic False
TM24032,FY2026-P12,CC03,Synthetic Throughput,151.0,Synthetic False
TM24041,FY2026-P12,CC04,Synthetic Utilization,78.0,Synthetic False
TM24042,FY2026-P12,CC04,Synthetic Throughput,152.0,Synthetic False
TM24051,FY2026-P12,CC05,Synthetic Utilization,79.0,Synthetic False
TM24052,FY2026-P12,CC05,Synthetic Throughput,153.0,Synthetic False
TM24061,FY2026-P12,CC06,Synthetic Utilization,80.0,Synthetic False
TM24062,FY2026-P12,CC06,Synthetic Throughput,154.0,Synthetic False
TM24071,FY2026-P12,CC07,Synthetic Utilization,81.0,Synthetic False
TM24072,FY2026-P12,CC07,Synthetic Throughput,155.0,Synthetic False
TM24081,FY2026-P12,CC08,Synthetic Utilization,82.0,Synthetic False
TM24082,FY2026-P12,CC08,Synthetic Throughput,156.0,Synthetic False
TM24091,FY2026-P12,CC09,Synthetic Utilization,83.0,Synthetic False
TM24092,FY2026-P12,CC09,Synthetic Throughput,157.0,Synthetic False
TM24101,FY2026-P12,CC10,Synthetic Utilization,84.0,Synthetic False
TM24102,FY2026-P12,CC10,Synthetic Throughput,158.0,Synthetic False
TM24111,FY2026-P12,CC11,Synthetic Utilization,85.0,Synthetic False
TM24112,FY2026-P12,CC11,Synthetic Throughput,159.0,Synthetic False
TM24121,FY2026-P12,CC12,Synthetic Utilization,86.0,Synthetic False
TM24122,FY2026-P12,CC12,Synthetic Throughput,160.0,Synthetic False
TM24131,FY2026-P12,CC13,Synthetic Utilization,87.0,Synthetic False
TM24132,FY2026-P12,CC13,Synthetic Throughput,161.0,Synthetic False
TM24141,FY2026-P12,CC14,Synthetic Utilization,88.0,Synthetic False
TM24142,FY2026-P12,CC14,Synthetic Throughput,162.0,Synthetic False
TM24151,FY2026-P12,CC15,Synthetic Utilization,89.0,Synthetic False
TM24152,FY2026-P12,CC15,Synthetic Throughput,163.0,Synthetic False
TM24161,FY2026-P12,CC16,Synthetic Utilization,50.0,Synthetic False
TM24162,FY2026-P12,CC16,Synthetic Throughput,164.0,Synthetic False
TM24171,FY2026-P12,CC17,Synthetic Utilization,51.0,Synthetic False
TM24172,FY2026-P12,CC17,Synthetic Throughput,165.0,Synthetic False
TM24181,FY2026-P12,CC18,Synthetic Utilization,52.0,Synthetic False
TM24182,FY2026-P12,CC18,Synthetic Throughput,166.0,Synthetic False
