"OutputId","TurbineId"
"PO-001","WT-001"
"PO-002","WT-001"
"PO-003","WT-001"
"PO-004","WT-001"
"PO-005","WT-002"
"PO-006","WT-002"
"PO-007","WT-005"
"PO-008","WT-005"
"PO-009","WT-005"
"PO-010","WT-005"
"PO-011","WT-008"
"PO-012","WT-008"
"PO-013","WT-013"
"PO-014","WT-013"
"PO-015","WT-013"
"PO-016","WT-013"
"PO-017","WT-015"
"PO-018","WT-015"
"PO-019","WT-011"
"PO-020","WT-011"
"PO-021","WT-008"
"PO-022","WT-008"
"PO-023","WT-008"
"PO-024","WT-008"
"PO-025","WT-005"
"PO-026","WT-005"
"PO-027","WT-005"
"PO-028","WT-005"
"PO-029","WT-002"
"PO-030","WT-002"
"PO-031","WT-002"
"PO-032","WT-002"
"PO-033","WT-015"
"PO-034","WT-015"
"PO-035","WT-015"
"PO-036","WT-015"
"PO-037","WT-014"
"PO-038","WT-014"
"PO-039","WT-014"
"PO-040","WT-014"
"PO-041","WT-013"
"PO-042","WT-013"
"PO-043","WT-013"
"PO-044","WT-013"
"PO-045","WT-003"
"PO-046","WT-003"
"PO-047","WT-003"
"PO-048","WT-003"
"PO-049","WT-006"
"PO-050","WT-006"
"PO-051","WT-006"
"PO-052","WT-006"
"PO-053","WT-004"
"PO-054","WT-004"
"PO-055","WT-004"
"PO-056","WT-004"
"PO-057","WT-011"
"PO-058","WT-011"
"PO-059","WT-011"
"PO-060","WT-011"
"PO-061","WT-001"
"PO-062","WT-001"
"PO-063","WT-001"
"PO-064","WT-001"
"PO-065","WT-003"
"PO-066","WT-003"
"PO-067","WT-003"
"PO-068","WT-003"
"PO-069","WT-010"
"PO-070","WT-010"
"PO-071","WT-010"
"PO-072","WT-010"
"PO-073","WT-015"
"PO-074","WT-015"
"PO-075","WT-015"
"PO-076","WT-015"
"PO-077","WT-013"
"PO-078","WT-013"
"PO-079","WT-013"
"PO-080","WT-013"
"PO-081","WT-011"
"PO-082","WT-011"
"PO-083","WT-011"
"PO-084","WT-011"
"PO-085","WT-008"
"PO-086","WT-008"
"PO-087","WT-008"
"PO-088","WT-008"
"PO-089","WT-002"
"PO-090","WT-002"
"PO-091","WT-002"
"PO-092","WT-002"
"PO-093","WT-007"
"PO-094","WT-007"
"PO-095","WT-007"
"PO-096","WT-007"
"PO-097","WT-004"
"PO-098","WT-004"
"PO-099","WT-004"
"PO-100","WT-004"
"PO-101","WT-005"
"PO-102","WT-005"
"PO-103","WT-005"
"PO-104","WT-005"
"PO-105","WT-014"
"PO-106","WT-014"
"PO-107","WT-014"
"PO-108","WT-014"
"PO-109","WT-003"
"PO-110","WT-003"
"PO-111","WT-003"
"PO-112","WT-003"
"PO-113","WT-007"
"PO-114","WT-007"
"PO-115","WT-007"
"PO-116","WT-007"
"PO-117","WT-011"
"PO-118","WT-011"
"PO-119","WT-011"
"PO-120","WT-011"
"PO-121","WT-013"
"PO-122","WT-013"
"PO-123","WT-013"
"PO-124","WT-013"
"PO-125","WT-009"
"PO-126","WT-009"
"PO-127","WT-009"
"PO-128","WT-009"
"PO-129","WT-015"
"PO-130","WT-015"
"PO-131","WT-015"
"PO-132","WT-015"
"PO-133","WT-012"
"PO-134","WT-012"
"PO-135","WT-012"
"PO-136","WT-012"
"PO-137","WT-004"
"PO-138","WT-004"
"PO-139","WT-004"
"PO-140","WT-004"
"PO-141","WT-012"
"PO-142","WT-012"
"PO-143","WT-012"
"PO-144","WT-012"
"PO-145","WT-001"
"PO-146","WT-001"
"PO-147","WT-001"
"PO-148","WT-001"
"PO-149","WT-011"
"PO-150","WT-011"
"PO-151","WT-011"
"PO-152","WT-011"
"PO-153","WT-014"
"PO-154","WT-014"
"PO-155","WT-014"
"PO-156","WT-014"
"PO-157","WT-006"
"PO-158","WT-006"
"PO-159","WT-006"
"PO-160","WT-006"
"PO-161","WT-015"
"PO-162","WT-015"
"PO-163","WT-015"
"PO-164","WT-015"
"PO-165","WT-003"
"PO-166","WT-003"
"PO-167","WT-003"
"PO-168","WT-003"
"PO-169","WT-008"
"PO-170","WT-008"
"PO-171","WT-008"
"PO-172","WT-008"
"PO-173","WT-013"
"PO-174","WT-013"
"PO-175","WT-013"
"PO-176","WT-013"
"PO-177","WT-010"
"PO-178","WT-010"
"PO-179","WT-010"
"PO-180","WT-010"
"PO-181","WT-015"
"PO-182","WT-015"
"PO-183","WT-015"
"PO-184","WT-015"
"PO-185","WT-012"
"PO-186","WT-012"
"PO-187","WT-012"
"PO-188","WT-012"
"PO-189","WT-006"
"PO-190","WT-006"
"PO-191","WT-006"
"PO-192","WT-006"
"PO-193","WT-011"
"PO-194","WT-011"
"PO-195","WT-011"
"PO-196","WT-011"
"PO-197","WT-008"
"PO-198","WT-008"
"PO-199","WT-008"
"PO-200","WT-008"
"PO-201","WT-004"
"PO-202","WT-004"
"PO-203","WT-004"
"PO-204","WT-004"
"PO-205","WT-007"
"PO-206","WT-007"
"PO-207","WT-007"
"PO-208","WT-007"
"PO-209","WT-002"
"PO-210","WT-002"
"PO-211","WT-002"
"PO-212","WT-002"
"PO-213","WT-010"
"PO-214","WT-010"
"PO-215","WT-010"
"PO-216","WT-010"
"PO-217","WT-009"
"PO-218","WT-009"
"PO-219","WT-009"
"PO-220","WT-009"
